Workbook
Name Kind: OFFSET(SKU!$M$2,0,0,COUNTA(SKU!$M:$M)-1,1)
Name 英文_越文名_Tên_SP: OFFSET(SKU!$A$2,0,0,COUNTA(SKU!$A:$A)-1,1)
Name 运营: OFFSET(SKU!$L$2,0,0,COUNTA(SKU!$L:$L)-1,1)
Name 主播: OFFSET(SKU!$K$2,0,0,COUNTA(SKU!$K:$K)-1,1)

Sheet SKU
A1: 英文/越文名/Tên SP | B1: 中文名/Tên Tiếng Trung | C1: sku序列/Code SKU | D1: 品类/Loại sp | E1: 厂商/NXB | F1: 盒/箱 Hộp/Thùng | G1: 包/盒 Pack/Hộp | H1: 图片 Ảnh | I1: 预售时间 | K1: 主播 | L1: 运营 | M1: 品类
A2: Pokemon | B2: 《东株社》宝可梦水晶砖 | C2: 10001 | D2: Thẻ hộp/卡砖 | E2: 东株社 | F2: 50 | G2: 1 | K2: Thùy 阿锤 | L2: Hoàng 范范 | M2: Thẻ hộp/卡砖
A3: Moon Card Sailor Moon | B3: MoonCard月卡《美少女战士》第三弹 | C3: 10002 | D3: Card/卡牌 | E3: MoonCard月卡 | F3: 36 | G3: 13 | K3: Bội Anh 倍英 | L3: Huệ 氏惠 | M3: Card/卡牌
A4: DUO Kyn | B4: DUO米全新出品鬼灭之刃-柱合会议篇第二弹 | C4: 10003 | D4: Card/卡牌 | E4: DUO米 | F4: 36 | G4: 13 | K4: Thành Đạt 成达 | L4: Dũng 阿勇 | M4: Thẻ xé/撕撕乐
A5: Jujutsu vol 1 | B5: 初见花海咒术回战第一弹 | C5: 10004 | D5: Card/卡牌 | E5: 贝贝文创 | F5: 180 | G5: 1 | K5: Mimi | L5: Trà My 茶梅 | M5: Thẻ bự/色纸
A6: Gibli Wind | B6: 椿柚文创宫崎骏 被风吹散的秘密邮票第一弹 | C6: 10005 | D6: Card/邮票 | E6: 椿柚文创 | F6: 100 | G6: 1 | K6: Hà 小河 | L6: Tum 阿庄 | M6: Phiếu tem/邮票
A7: Mây và Hạ | B7: 云映文化「云之境の夏」第二弹·宫崎骏珍藏卡牌 | C7: 10006 | D7: Card/卡牌 | E7: 云映文化 | F7: 36 | G7: 13 | K7: Như 小如 | L7: Hoàng Oanh黄莹 | M7: Bagde/吧唧
A8: Kawaii Gibli | B8: kawaii宫崎骏梦幻之国 | C8: 10007 | D8: Card/卡牌 | E8: kawaii | F8: 36 | G8: 13 | K8: Vi 小薇 | L8: Linh 美玲 | M8: Lập thể/立体水晶
A9: X work Sailor Moon | B9: XWork美少女战士-璀璨之梦 | C9: 10008 | D9: Card/卡牌 | E9: XWork | F9: 36 | G9: 10 | K9: Phương 小芳 | L9: Tuyền 绚 | M9: Đồ chơi/玩具
A10: Vancard Sanrio | B10: 万画云游三丽鸥家族百变cos收藏卡 | C10: 10009 | D10: Card/卡牌 | E10: 万画云游 | F10: 24 | G10: 10 | K10: Thanh 阿青 | L10: Xuân Nhi 春妮
A11: Wamder Roaming Sakura | B11: 玩的入迷-魔卡少女樱第一弹—樱之绮遇 | C11: 10010 | D11: Card/卡牌 | E11: 玩的入迷 | F11: 36 | G11: 13 | K11: Zenex | L11: Tú Phượng 苏凤
A12: Gibli Hoa | B12: 灿卡文创宫崎骏第二弹《花涧物语》 | C12: 10011 | D12: Card/卡牌 | E12: 灿卡文创 | F12: 36 | G12: 13 | K12: Hoàng Anh黄英
A13: Attack on Titan | B13: 卡文化进击的巨人 | C13: 10012 | D13: Card/卡牌 | E13: 卡文化 | F13: 48 | G13: 30 | K13: Lệ Quyên 丽娟
A14: Kny Hoàng Card | B14: 皇卡 × 鬼灭《血月之契》篇决战无限城收藏卡 | C14: 10013 | D14: Card/卡牌 | E14: 皇卡 | F14: 36 | G14: 12 | K14: Khoa 科
A15: Tinh Mộng Gibli thẻ xé | B15: 星梦文创-Studio Ghibli宫崎骏撕撕乐系列 | C15: 10014 | D15: Thẻ xé/撕撕乐 | E15: 星梦文创 | F15: 100 | G15: 3 | K15: Trường Vũ 长宇
A16: MH Gibli | B16: 梦绘文创-宫崎骏第二弹 | C16: 10015 | D16: Card/卡牌 | E16: 梦绘文创 | F16: 36 | G16: 12 | K16: Phước 小福
A17: Quàng Thượng | B17: 思梨普文创《hey!国王陛下》集换式艺术家典藏卡 | C17: 10016 | D17: Card/卡牌 | E17: 思梨普文创 | F17: 36 | G17: 10 | K17: Tập huấn 培训
A18: Mộng cảnh Sailor Moon | B18: 梦境-美少女战士第一弹 | C18: 10017 | D18: Card/卡牌 | E18: 梦境 | F18: 36 | G18: 13 | K18: Kim Ngân 金银
A19: Sacred Sailor Moon | B19: 圣月美少女战士星尘协奏曲长卡 | C19: 10018 | D19: Card/卡牌 | E19: 聖月 | F19: 36 | G19: 13 | K19: Kỳ Duyên 琪媛
A20: Goods Power TQTP | B20: 谷子力量 x 竹烟波月亚克力透卡 | C20: 10019 | D20: Thẻ bự/色纸 | E20: 谷子力量 | F20: 150 | G20: 1 | K20: Ngọc Nhi 玉儿
A21: Sakura Card Fun | B21: 集卡社小樱 | C21: 10020 | D21: Card/卡牌 | E21: 集卡社 | F21: 36 | G21: 16 | K21: Phân phối các tiệm
A22: Shingu Conan phiếu tem | B22: 新谷动漫名侦探柯南·仲夏夜之恋邮票集 | C22: 10021 | D22: Phiếu tem/邮票 | E22: 新谷动漫 | F22: 25 | G22: 5 | K22: Thu Giang秋江
A23: Sailor Shining | B23: 【耀光·美少女战士】长卡卡砖 | C23: 10022 | D23: Thẻ hộp/卡砖 | E23: 耀光 | F23: 8 | G23: 24 | K23: Test Live
... A41: Kuka Maltese | B41: 酷卡文化-线条小狗3弹 | C41: 10040 | D41: Card/卡牌 | E41: 酷卡文化 | F41: 36 | G41: 11 | K41: Khách ngoài 外客
A42: Bearie Genshin Impact | B42: 小熊工坊「原神」A6色纸 | C42: 10041 | D42: Thẻ bự/色纸 | E42: 小熊工坊 | F42: 100 | G42: 1
A43: Butterbear vol 2 | B43: 黄油小熊系列收藏卡第二弹 小熊的观察日记 | C43: 10042 | D43: Card/卡牌 | E43: 玖人文化 | F43: 24 | G43: 16
A44: XR Sailor Moon | B44: 光恋XR-披荆斩棘-美少女战士 | C44: 10043 | D44: Card/卡牌 | E44: 光恋XR | F44: 36 | G44: 13
A45: Source University Genshin thẻ CD | B45: 源宇宙原神.空月の歌·周边CD票根邮票组合套装 | C45: 10044 | D45: Card/卡牌 | E45: 源宇宙原神 | F45: 100 | G45: 1
A46: Conan lập thể | B46: 名侦探柯南谜层交错 | C46: 10045 | D46: Lập thể/立体水晶 | F46: 50 | G46: 1
A47: Đèn Gibli DIY | B47: 夜灯 | C47: 10046 | D47: Đồ chơi/玩具 | E47: 夜灯 | F47: 48 | G47: 1
A48: Xưởng Teyvat Genshin Impact A6 | B48: 提瓦特工坊·原神水晶色纸 | C48: 10047 | D48: Thẻ bự/色纸 | E48: 提瓦特工坊 | F48: 90 | G48: 1
A49: Narasha Sailor Moon thẻ xé | B49: 奈良社《极昼漫游》美少女战士撕撕乐+异形小卡 | C49: 10048 | D49: Thẻ xé/撕撕乐 | E49: 奈良社 | F49: 100 | G49: 1
A50: Melting point | B50: 野火文创《月下悸动》 韩漫耽美撕撕乐 | C50: 10049 | D50: Thẻ xé/撕撕乐 | E50: 野火文创 | F50: 52 | G50: 3
A51: Hoàng tử bé và Alice | B51: 小王子与爱丽丝 | C51: 10050 | D51: Card/卡牌 | E51: 卡盟文创 | F51: 24 | G51: 12
A52: Nanka Sakura | B52: 南卡《魔卡少女樱》 | C52: 10051 | D52: Card/卡牌 | E52: 南卡 | F52: 36 | G52: 12
A53: Kayou Conan Vol 5 | B53: 柯南洞悉包第五弹 | C53: 10052 | D53: Card/卡牌 | E53: 卡游 | F53: 36 | G53: 18
A54: Hoa rơi chỉ vì quân | B54: 悦灵文创 《落花只为君》第三弹 | C54: 10053 | D54: Card/卡牌 | E54: 悦灵文创 | F54: 36 | G54: 12
A55: Mèo chiêu tài | B55: 太阳能招财猫 | C55: 10054 | D55: Đồ chơi/玩具 | E55: 招财猫 | F55: 240 | G55: 1
A56: Scroll Painting Thanh gươm diệt quỷ | B56: 绘卷文创 - 梦境入画【鬼灭之刃系列收藏卡砖】 | C56: 10055 | D56: Thẻ hộp/卡砖 | E56: 绘卷文创 | F56: 36 | G56: 5
A57: Card Fun Thiên quan tứ phúc bản hoạt hình | B57: 集卡社天官赐福动画周年纪念版 | C57: 10056 | D57: Card/卡牌 | E57: 集卡社 | F57: 48 | G57: 10
A58: Kabao Sanrio Gia tộc mùa đông ấm áp | B58: 三丽鸥家族暖冬 | C58: 10057 | D58: Card/卡牌 | E58: 卡宝 | F58: 20 | G58: 10
... A68: Honkai Star Rail A6 Tinh Trình Khởi Động | B68: 拓宇文创—崩铁·启航星程 A6 亚克力色纸 | C68: 10067 | D68: Thẻ bự/色纸 | E68: 拓宇文创 | F68: 90 | G68: 1
A69: Trúc Ảnh Dao Tiên thẻ xé đam mỹ | B69: 《竹影摇笺》耽美撕撕乐系列 | C69: 10068 | D69: Thẻ xé/撕撕乐 | E69: 漫の森 | F69: 300 | G69: 1 | H69: cần đếm lại
A70: YiHua Wuthering Waves thẻ xé | B70: 【艺画文创】鸣潮撕撕乐 | C70: 10069 | D70: Thẻ xé/撕撕乐 | E70: 艺画文创 | F70: 300 | G70: 1
A71: Nhất Nặc Chung Sinh Tổng hợp 3 bộ của Mặc Hương | B71: 【喵谷】&【一诺终生】墨香三部曲系列色纸【魔道】【天官】【渣反】第二弹 | C71: 10070 | D71: Thẻ bự/色纸 | E71: 喵谷 | F71: 90 | G71: 1
A72: Kayou Jujutsu Kaisen | B72: 咒术回战-术士收藏卡-高专篇 | C72: 10071 | D72: Card/卡牌 | E72: 卡游 | F72: 36 | G72: 18
A73: Mô hình chim đồ chơi trang trí xe | B73: 伴飞小鸟 | C73: 10072 | D73: Đồ chơi/玩具 | E73: 未知 | F73: 200 | G73: 1
A74: Kayou Conan vol 2 (bản 2 tệ) | B74: 名侦探柯南-名推理收藏卡-觅影包-第2弹 | C74: 10073 | D74: Card/卡牌 | E74: 卡游 | F74: 48 | G74: 30
A75: Light bản tổng hợp BL thẻ xé | B75: 火萤文创【帷幕将倾】俊男唯美撕撕乐 | C75: 10074 | D75: Thẻ xé/撕撕乐 | E75: 火萤文创 | F75: 80 | G75: 1
A76: Wanka Thanh gươm diệt quỷ ver Nhật luân | B76: 《万卡卡文创》鬼灭之刃日轮破晓第一弹 | C76: 10075 | D76: Card/卡牌 | E76: 万卡卡文创 | F76: 10 | G76: 10
A77: Aikaho Thanh gươm diệt quỷ | B77: 【Aikaho】鬼灭之刃第四弹 集结 【DS-04 Muster】 | C77: 10076 | D77: Thẻ bự/色纸 | E77: Aikaho | F77: 36 | G77: 10
A78: Genshin Impact World game | B78: 多多文创原神第二弹卡砖—神眸再现 | C78: 10077 | D78: Thẻ hộp/卡砖 | E78: 多多文创 | F78: 100 | G78: 1
A79: Conan ver mã Morse phiếu tem | B79: 摩斯社×名侦探柯南-摩斯密码系列评级邮票 | C79: 10078 | D79: Card/卡牌 | E79: 摩斯社 | F79: 200 | G79: 1
A80: Kaquduo chuyện cổ tích - Thiên dạ hội quyển | B80: 卡趣多《童话-千夜绘卷》艺术典藏卡牌 | C80: 10079 | D80: Card/卡牌 | E80: 卡趣多 | F80: 36 | G80: 12
A81: Card Fun Cây Nấm Nhỏ ver Mạt thế thâm uyên | B81: 《小蘑菇》流荧版收藏卡-末世深渊 | C81: 10080 | D81: Card/卡牌 | E81: 集卡社 | F81: 36 | G81: 10
... A108: Hi card Conan vol 4 | B108: Hi卡柯南第四弹《一切都会大白于天下》 | C108: 10107 | D108: Card/卡牌 | E108: Hi卡 | F108: 36 | G108: 15
A109: Mobile Legend vol 1 Assemble Treasure pack | C109: 10108 | D109: Card/卡牌 | E109: Mancy | F109: 24 | G109: 10
A110: Mobile Legend vol 1 Assemble Legend pack | C110: 10109 | D110: Card/卡牌 | E110: Mancy | F110: 18 | G110: 10
A111: Mobile Legend vol 1 Assemble Classic pack | C111: 10110 | D111: Card/卡牌 | E111: Mancy | F111: 22 | G111: 20
A112: Free Fire Mini Spark Follow pack | C112: 10111 | D112: Card/卡牌 | E112: Mancy | F112: 23 | G112: 20
A113: Free Fire Blaze Core pack | C113: 10112 | D113: Card/卡牌 | E113: Mancy | F113: 24 | G113: 10

Sheet Nhập入库
A1: sku序列 SKU CODE | B1: 中文名 Tên tiếng Trung | C1: 英文/越文名 Tên tiếng Việt | D1: 品类 Loại sp | E1: 厂商 NXB | F1: 规格 Thông số | J1: 仓库名 Tên kho | K1: 入库人 Người nhập kho | L1: 入库时间 Thời gian | M1: 剩余库存/盒 Tồn kho (hộp) | N1: 剩余库存/包 Tồn kho (Pack)
F2: 箱 Thùng | G2: 盒/箱 Hộp | H2: 包/盒 Pack | I2: 总包数 Tổng pack
A3: =VLOOKUP($C3,SKU!$A:$I,3,FALSE) -> 10001 | B3: =VLOOKUP($C3,SKU!$A:$I,2,FALSE) -> 《东株社》宝可梦水晶砖 | C3: Pokemon | D3: =VLOOKUP($C3,SKU!$A:$I,4,FALSE) -> Thẻ hộp/卡砖 | E3: =VLOOKUP($C3,SKU!$A:$I,5,FALSE) -> 东株社 | F3: 1 | G3: =VLOOKUP($C3,SKU!$A:$I,6,FALSE) -> 50 | H3: =VLOOKUP($C3,SKU!$A:$I,7,FALSE) -> 1 | I3: =F3*G3*H3 -> 50 | J3: G层仓库 | K3: Hoàng 范范 | L3: 2025.10.15 | M3: =N3/H3 -> 0 | N3: {=SUMPRODUCT(($A$3:$A$997=A3)*($I$3:$I$997))-SUMPRODUCT((Xuất出库!$A$2:$A$986=A3)*(Xuất出库!$E$2:$E$986))-SUMPRODUCT((Xuất出库!$A$2:$A$986=A3)*(Xuất出库!$F$2:$F$986))+SUMPRODUCT((Hoàn回库!$A$2:$A$996=A3)*(Hoàn回库!$E$2:$E$996))+SUMPRODUCT((Hoàn回库!$A$2:$A$996=A3)*(Hoàn回库!$F$2:$F$996))} -> 0
A4: =VLOOKUP($C4,SKU!$A:$I,3,FALSE) -> 10002 | B4: =VLOOKUP($C4,SKU!$A:$I,2,FALSE) -> MoonCard月卡《美少女战士》第三弹 | C4: Moon Card Sailor Moon | D4: =VLOOKUP($C4,SKU!$A:$I,4,FALSE) -> Card/卡牌 | E4: =VLOOKUP($C4,SKU!$A:$I,5,FALSE) -> MoonCard月卡 | F4: 1 | G4: =VLOOKUP($C4,SKU!$A:$I,6,FALSE) -> 36 | H4: =VLOOKUP($C4,SKU!$A:$I,7,FALSE) -> 13 | I4: =F4*G4*H4 -> 468 | J4: G层仓库 | K4: Hoàng 范范 | L4: 2025.10.15 | M4: =N4/H4 -> 0 | N4: {=SUMPRODUCT(($A$3:$A$997=A4)*($I$3:$I$997))-SUMPRODUCT((Xuất出库!$A$2:$A$986=A4)*(Xuất出库!$E$2:$E$986))-SUMPRODUCT((Xuất出库!$A$2:$A$986=A4)*(Xuất出库!$F$2:$F$986))+SUMPRODUCT((Hoàn回库!$A$2:$A$996=A4)*(Hoàn回库!$E$2:$E$996))+SUMPRODUCT((Hoàn回库!$A$2:$A$996=A4)*(Hoàn回库!$F$2:$F$996))} -> 0
A5: =VLOOKUP($C5,SKU!$A:$I,3,FALSE) -> 10003 | B5: =VLOOKUP($C5,SKU!$A:$I,2,FALSE) -> DUO米全新出品鬼灭之刃-柱合会议篇第二弹 | C5: DUO Kyn | D5: =VLOOKUP($C5,SKU!$A:$I,4,FALSE) -> Card/卡牌 | E5: =VLOOKUP($C5,SKU!$A:$I,5,FALSE) -> DUO米 | F5: 2 | G5: =VLOOKUP($C5,SKU!$A:$I,6,FALSE) -> 36 | H5: =VLOOKUP($C5,SKU!$A:$I,7,FALSE) -> 13 | I5: =F5*G5*H5 -> 936 | J5: G层仓库 | K5: Hoàng 范范 | L5: 2025.10.15 | M5: =N5/H5 -> 0 | N5: {=SUMPRODUCT(($A$3:$A$997=A5)*($I$3:$I$997))-SUMPRODUCT((Xuất出库!$A$2:$A$986=A5)*(Xuất出库!$E$2:$E$986))-SUMPRODUCT((Xuất出库!$A$2:$A$986=A5)*(Xuất出库!$F$2:$F$986))+SUMPRODUCT((Hoàn回库!$A$2:$A$996=A5)*(Hoàn回库!$E$2:$E$996))+SUMPRODUCT((Hoàn回库!$A$2:$A$996=A5)*(Hoàn回库!$F$2:$F$996))} -> 0
A6: =VLOOKUP($C6,SKU!$A:$I,3,FALSE) -> 10004 | B6: =VLOOKUP($C6,SKU!$A:$I,2,FALSE) -> 初见花海咒术回战第一弹 | C6: Jujutsu vol 1 | D6: =VLOOKUP($C6,SKU!$A:$I,4,FALSE) -> Card/卡牌 | E6: =VLOOKUP($C6,SKU!$A:$I,5,FALSE) -> 贝贝文创 | F6: 1 | G6: =VLOOKUP($C6,SKU!$A:$I,6,FALSE) -> 180 | H6: =VLOOKUP($C6,SKU!$A:$I,7,FALSE) -> 1 | I6: =F6*G6*H6 -> 180 | J6: G层仓库 | K6: Hoàng 范范 | L6: 2025.10.15 | M6: =N6/H6 -> 27 | N6: {=SUMPRODUCT(($A$3:$A$997=A6)*($I$3:$I$997))-SUMPRODUCT((Xuất出库!$A$2:$A$986=A6)*(Xuất出库!$E$2:$E$986))-SUMPRODUCT((Xuất出库!$A$2:$A$986=A6)*(Xuất出库!$F$2:$F$986))+SUMPRODUCT((Hoàn回库!$A$2:$A$996=A6)*(Hoàn回库!$E$2:$E$996))+SUMPRODUCT((Hoàn回库!$A$2:$A$996=A6)*(Hoàn回库!$F$2:$F$996))} -> 27
A7: =VLOOKUP($C7,SKU!$A:$I,3,FALSE) -> 10005 | B7: =VLOOKUP($C7,SKU!$A:$I,2,FALSE) -> 椿柚文创宫崎骏 被风吹散的秘密邮票第一弹 | C7: Gibli Wind | D7: =VLOOKUP($C7,SKU!$A:$I,4,FALSE) -> Card/邮票 | E7: =VLOOKUP($C7,SKU!$A:$I,5,FALSE) -> 椿柚文创 | F7: 1 | G7: =VLOOKUP($C7,SKU!$A:$I,6,FALSE) -> 100 | H7: =VLOOKUP($C7,SKU!$A:$I,7,FALSE) -> 1 | I7: =F7*G7*H7 -> 100 | J7: G层仓库 | K7: Hoàng 范范 | L7: 2025.10.15 | M7: =N7/H7 -> 0 | N7: {=SUMPRODUCT(($A$3:$A$997=A7)*($I$3:$I$997))-SUMPRODUCT((Xuất出库!$A$2:$A$986=A7)*(Xuất出库!$E$2:$E$986))-SUMPRODUCT((Xuất出库!$A$2:$A$986=A7)*(Xuất出库!$F$2:$F$986))+SUMPRODUCT((Hoàn回库!$A$2:$A$996=A7)*(Hoàn回库!$E$2:$E$996))+SUMPRODUCT((Hoàn回库!$A$2:$A$996=A7)*(Hoàn回库!$F$2:$F$996))} -> 0
A8: =VLOOKUP($C8,SKU!$A:$I,3,FALSE) -> 10006 | B8: =VLOOKUP($C8,SKU!$A:$I,2,FALSE) -> 云映文化「云之境の夏」第二弹·宫崎骏珍藏卡牌 | C8: Mây và Hạ | D8: =VLOOKUP($C8,SKU!$A:$I,4,FALSE) -> Card/卡牌 | E8: =VLOOKUP($C8,SKU!$A:$I,5,FALSE) -> 云映文化 | F8: 2 | G8: =VLOOKUP($C8,SKU!$A:$I,6,FALSE) -> 36 | H8: =VLOOKUP($C8,SKU!$A:$I,7,FALSE) -> 13 | I8: =F8*G8*H8 -> 936 | J8: G层仓库 | K8: Hoàng 范范 | L8: 2025.10.15 | M8: =N8/H8 -> -5 | N8: {=SUMPRODUCT(($A$3:$A$997=A8)*($I$3:$I$997))-SUMPRODUCT((Xuất出库!$A$2:$A$986=A8)*(Xuất出库!$E$2:$E$986))-SUMPRODUCT((Xuất出库!$A$2:$A$986=A8)*(Xuất出库!$F$2:$F$986))+SUMPRODUCT((Hoàn回库!$A$2:$A$996=A8)*(Hoàn回库!$E$2:$E$996))+SUMPRODUCT((Hoàn回库!$A$2:$A$996=A8)*(Hoàn回库!$F$2:$F$996))} -> -65
A9: =VLOOKUP($C9,SKU!$A:$I,3,FALSE) -> 10007 | B9: =VLOOKUP($C9,SKU!$A:$I,2,FALSE) -> kawaii宫崎骏梦幻之国 | C9: Kawaii Gibli | D9: =VLOOKUP($C9,SKU!$A:$I,4,FALSE) -> Card/卡牌 | E9: =VLOOKUP($C9,SKU!$A:$I,5,FALSE) -> kawaii | F9: 2 | G9: =VLOOKUP($C9,SKU!$A:$I,6,FALSE) -> 36 | H9: =VLOOKUP($C9,SKU!$A:$I,7,FALSE) -> 13 | I9: =F9*G9*H9 -> 936 | J9: G层仓库 | K9: Hoàng 范范 | L9: 2025.10.15 | M9: =N9/H9 -> 0 | N9: {=SUMPRODUCT(($A$3:$A$997=A9)*($I$3:$I$997))-SUMPRODUCT((Xuất出库!$A$2:$A$986=A9)*(Xuất出库!$E$2:$E$986))-SUMPRODUCT((Xuất出库!$A$2:$A$986=A9)*(Xuất出库!$F$2:$F$986))+SUMPRODUCT((Hoàn回库!$A$2:$A$996=A9)*(Hoàn回库!$E$2:$E$996))+SUMPRODUCT((Hoàn回库!$A$2:$A$996=A9)*(Hoàn回库!$F$2:$F$996))} -> 0
A10: =VLOOKUP($C10,SKU!$A:$I,3,FALSE) -> 10008 | B10: =VLOOKUP($C10,SKU!$A:$I,2,FALSE) -> XWork美少女战士-璀璨之梦 | C10: X work Sailor Moon | D10: =VLOOKUP($C10,SKU!$A:$I,4,FALSE) -> Card/卡牌 | E10: =VLOOKUP($C10,SKU!$A:$I,5,FALSE) -> XWork | F10: 2 | G10: =VLOOKUP($C10,SKU!$A:$I,6,FALSE) -> 36 | H10: =VLOOKUP($C10,SKU!$A:$I,7,FALSE) -> 10 | I10: =F10*G10*H10 -> 720 | J10: G层仓库 | K10: Hoàng 范范 | L10: 2025.10.15 | M10: =N10/H10 -> 0 | N10: {=SUMPRODUCT(($A$3:$A$997=A10)*($I$3:$I$997))-SUMPRODUCT((Xuất出库!$A$2:$A$986=A10)*(Xuất出库!$E$2:$E$986))-SUMPRODUCT((Xuất出库!$A$2:$A$986=A10)*(Xuất出库!$F$2:$F$986))+SUMPRODUCT((Hoàn回库!$A$2:$A$996=A10)*(Hoàn回库!$E$2:$E$996))+SUMPRODUCT((Hoàn回库!$A$2:$A$996=A10)*(Hoàn回库!$F$2:$F$996))} -> 0
A11: =VLOOKUP($C11,SKU!$A:$I,3,FALSE) -> 10009 | B11: =VLOOKUP($C11,SKU!$A:$I,2,FALSE) -> 万画云游三丽鸥家族百变cos收藏卡 | C11: Vancard Sanrio | D11: =VLOOKUP($C11,SKU!$A:$I,4,FALSE) -> Card/卡牌 | E11: =VLOOKUP($C11,SKU!$A:$I,5,FALSE) -> 万画云游 | F11: 1 | G11: =VLOOKUP($C11,SKU!$A:$I,6,FALSE) -> 24 | H11: =VLOOKUP($C11,SKU!$A:$I,7,FALSE) -> 10 | I11: =F11*G11*H11 -> 240 | J11: G层仓库 | K11: Hoàng 范范 | L11: 2025.10.15 | M11: =N11/H11 -> 0 | N11: {=SUMPRODUCT(($A$3:$A$997=A11)*($I$3:$I$997))-SUMPRODUCT((Xuất出库!$A$2:$A$986=A11)*(Xuất出库!$E$2:$E$986))-SUMPRODUCT((Xuất出库!$A$2:$A$986=A11)*(Xuất出库!$F$2:$F$986))+SUMPRODUCT((Hoàn回库!$A$2:$A$996=A11)*(Hoàn回库!$E$2:$E$996))+SUMPRODUCT((Hoàn回库!$A$2:$A$996=A11)*(Hoàn回库!$F$2:$F$996))} -> 0
A12: =VLOOKUP($C12,SKU!$A:$I,3,FALSE) -> 10010 | B12: =VLOOKUP($C12,SKU!$A:$I,2,FALSE) -> 玩的入迷-魔卡少女樱第一弹—樱之绮遇 | C12: Wamder Roaming Sakura | D12: =VLOOKUP($C12,SKU!$A:$I,4,FALSE) -> Card/卡牌 | E12: =VLOOKUP($C12,SKU!$A:$I,5,FALSE) -> 玩的入迷 | F12: 1 | G12: =VLOOKUP($C12,SKU!$A:$I,6,FALSE) -> 36 | H12: =VLOOKUP($C12,SKU!$A:$I,7,FALSE) -> 13 | I12: =F12*G12*H12 -> 468 | J12: G层仓库 | K12: Hoàng 范范 | L12: 2025.10.15 | M12: =N12/H12 -> 0 | N12: {=SUMPRODUCT(($A$3:$A$997=A12)*($I$3:$I$997))-SUMPRODUCT((Xuất出库!$A$2:$A$986=A12)*(Xuất出库!$E$2:$E$986))-SUMPRODUCT((Xuất出库!$A$2:$A$986=A12)*(Xuất出库!$F$2:$F$986))+SUMPRODUCT((Hoàn回库!$A$2:$A$996=A12)*(Hoàn回库!$E$2:$E$996))+SUMPRODUCT((Hoàn回库!$A$2:$A$996=A12)*(Hoàn回库!$F$2:$F$996))} -> 0
A13: =VLOOKUP($C13,SKU!$A:$I,3,FALSE) -> 10011 | B13: =VLOOKUP($C13,SKU!$A:$I,2,FALSE) -> 灿卡文创宫崎骏第二弹《花涧物语》 | C13: Gibli Hoa | D13: =VLOOKUP($C13,SKU!$A:$I,4,FALSE) -> Card/卡牌 | E13: =VLOOKUP($C13,SKU!$A:$I,5,FALSE) -> 灿卡文创 | F13: 2 | G13: =VLOOKUP($C13,SKU!$A:$I,6,FALSE) -> 36 | H13: =VLOOKUP($C13,SKU!$A:$I,7,FALSE) -> 13 | I13: =F13*G13*H13 -> 936 | J13: G层仓库 | K13: Hoàng 范范 | L13: 2025.10.15 | M13: =N13/H13 -> 0 | N13: {=SUMPRODUCT(($A$3:$A$997=A13)*($I$3:$I$997))-SUMPRODUCT((Xuất出库!$A$2:$A$986=A13)*(Xuất出库!$E$2:$E$986))-SUMPRODUCT((Xuất出库!$A$2:$A$986=A13)*(Xuất出库!$F$2:$F$986))+SUMPRODUCT((Hoàn回库!$A$2:$A$996=A13)*(Hoàn回库!$E$2:$E$996))+SUMPRODUCT((Hoàn回库!$A$2:$A$996=A13)*(Hoàn回库!$F$2:$F$996))} -> 0
A14: =VLOOKUP($C14,SKU!$A:$I,3,FALSE) -> 10012 | B14: =VLOOKUP($C14,SKU!$A:$I,2,FALSE) -> 卡文化进击的巨人 | C14: Attack on Titan | D14: =VLOOKUP($C14,SKU!$A:$I,4,FALSE) -> Card/卡牌 | E14: =VLOOKUP($C14,SKU!$A:$I,5,FALSE) -> 卡文化 | F14: 1 | G14: =VLOOKUP($C14,SKU!$A:$I,6,FALSE) -> 48 | H14: =VLOOKUP($C14,SKU!$A:$I,7,FALSE) -> 30 | I14: =F14*G14*H14 -> 1440 | J14: G层仓库 | K14: Hoàng 范范 | L14: 2025.10.15 | M14: =N14/H14 -> 10 | N14: {=SUMPRODUCT(($A$3:$A$997=A14)*($I$3:$I$997))-SUMPRODUCT((Xuất出库!$A$2:$A$986=A14)*(Xuất出库!$E$2:$E$986))-SUMPRODUCT((Xuất出库!$A$2:$A$986=A14)*(Xuất出库!$F$2:$F$986))+SUMPRODUCT((Hoàn回库!$A$2:$A$996=A14)*(Hoàn回库!$E$2:$E$996))+SUMPRODUCT((Hoàn回库!$A$2:$A$996=A14)*(Hoàn回库!$F$2:$F$996))} -> 300
... A22: =VLOOKUP($C22,SKU!$A:$I,3,FALSE) -> 10021 | B22: =VLOOKUP($C22,SKU!$A:$I,2,FALSE) -> 新谷动漫名侦探柯南·仲夏夜之恋邮票集 | C22: Shingu Conan phiếu tem | D22: =VLOOKUP($C22,SKU!$A:$I,4,FALSE) -> Phiếu tem/邮票 | E22: =VLOOKUP($C22,SKU!$A:$I,5,FALSE) -> 新谷动漫 | F22: 2 | G22: =VLOOKUP($C22,SKU!$A:$I,6,FALSE) -> 25 | H22: =VLOOKUP($C22,SKU!$A:$I,7,FALSE) -> 5 | I22: =F22*G22*H22 -> 250 | J22: G层仓库 | K22: Hoàng 范范 | L22: 2025.10.17 | M22: =N22/H22 -> 11 | N22: {=SUMPRODUCT(($A$3:$A$997=A22)*($I$3:$I$997))-SUMPRODUCT((Xuất出库!$A$2:$A$986=A22)*(Xuất出库!$E$2:$E$986))-SUMPRODUCT((Xuất出库!$A$2:$A$986=A22)*(Xuất出库!$F$2:$F$986))+SUMPRODUCT((Hoàn回库!$A$2:$A$996=A22)*(Hoàn回库!$E$2:$E$996))+SUMPRODUCT((Hoàn回库!$A$2:$A$996=A22)*(Hoàn回库!$F$2:$F$996))} -> 55
A23: =VLOOKUP($C23,SKU!$A:$I,3,FALSE) -> 10022 | B23: =VLOOKUP($C23,SKU!$A:$I,2,FALSE) -> 【耀光·美少女战士】长卡卡砖 | C23: Sailor Shining | D23: =VLOOKUP($C23,SKU!$A:$I,4,FALSE) -> Thẻ hộp/卡砖 | E23: =VLOOKUP($C23,SKU!$A:$I,5,FALSE) -> 耀光 | F23: 1 | G23: 24 | H23: 8 | I23: =F23*G23*H23 -> 192 | J23: G层仓库 | K23: Hoàng 范范 | L23: 2025.10.17 | M23: =N23/H23 -> 0 | N23: {=SUMPRODUCT(($A$3:$A$997=A23)*($I$3:$I$997))-SUMPRODUCT((Xuất出库!$A$2:$A$986=A23)*(Xuất出库!$E$2:$E$986))-SUMPRODUCT((Xuất出库!$A$2:$A$986=A23)*(Xuất出库!$F$2:$F$986))+SUMPRODUCT((Hoàn回库!$A$2:$A$996=A23)*(Hoàn回库!$E$2:$E$996))+SUMPRODUCT((Hoàn回库!$A$2:$A$996=A23)*(Hoàn回库!$F$2:$F$996))} -> 0
A24: =VLOOKUP($C24,SKU!$A:$I,3,FALSE) -> 10023 | B24: =VLOOKUP($C24,SKU!$A:$I,2,FALSE) -> 风信文创尘世相逢之约星光来信原神邮票第一弹 | C24: Tinh quang Genshin | D24: =VLOOKUP($C24,SKU!$A:$I,4,FALSE) -> Phiếu tem/邮票 | E24: =VLOOKUP($C24,SKU!$A:$I,5,FALSE) -> 风信文创 | F24: 1 | G24: =VLOOKUP($C24,SKU!$A:$I,6,FALSE) -> 100 | H24: =VLOOKUP($C24,SKU!$A:$I,7,FALSE) -> 1 | I24: =F24*G24*H24 -> 100 | J24: G层仓库 | K24: Hoàng 范范 | L24: 2025.10.17 | M24: =N24/H24 -> 20 | N24: {=SUMPRODUCT(($A$3:$A$997=A24)*($I$3:$I$997))-SUMPRODUCT((Xuất出库!$A$2:$A$986=A24)*(Xuất出库!$E$2:$E$986))-SUMPRODUCT((Xuất出库!$A$2:$A$986=A24)*(Xuất出库!$F$2:$F$986))+SUMPRODUCT((Hoàn回库!$A$2:$A$996=A24)*(Hoàn回库!$E$2:$E$996))+SUMPRODUCT((Hoàn回库!$A$2:$A$996=A24)*(Hoàn回库!$F$2:$F$996))} -> 20
A25: =VLOOKUP($C25,SKU!$A:$I,3,FALSE) -> 10024 | B25: =VLOOKUP($C25,SKU!$A:$I,2,FALSE) -> 漫影工作室-柯南-A5 大卡第一弹 | C25: Conan đám cưới A5 vol 1 | D25: =VLOOKUP($C25,SKU!$A:$I,4,FALSE) -> Thẻ bự/色纸 | E25: =VLOOKUP($C25,SKU!$A:$I,5,FALSE) -> 漫影工作室 | F25: 1 | G25: =VLOOKUP($C25,SKU!$A:$I,6,FALSE) -> 50 | H25: =VLOOKUP($C25,SKU!$A:$I,7,FALSE) -> 1 | I25: =F25*G25*H25 -> 50 | J25: G层仓库 | K25: Hoàng 范范 | L25: 2025.10.17 | M25: =N25/H25 -> 13 | N25: {=SUMPRODUCT(($A$3:$A$997=A25)*($I$3:$I$997))-SUMPRODUCT((Xuất出库!$A$2:$A$986=A25)*(Xuất出库!$E$2:$E$986))-SUMPRODUCT((Xuất出库!$A$2:$A$986=A25)*(Xuất出库!$F$2:$F$986))+SUMPRODUCT((Hoàn回库!$A$2:$A$996=A25)*(Hoàn回库!$E$2:$E$996))+SUMPRODUCT((Hoàn回库!$A$2:$A$996=A25)*(Hoàn回库!$F$2:$F$996))} -> 13
A26: =VLOOKUP($C26,SKU!$A:$I,3,FALSE) -> 10025 | B26: =VLOOKUP($C26,SKU!$A:$I,2,FALSE) -> 君屹文化耽美古风收藏新纪元《言辞忆梦》撕撕乐 | C26: Quân sơn TQTP | D26: =VLOOKUP($C26,SKU!$A:$I,4,FALSE) -> Thẻ xé/撕撕乐 | E26: =VLOOKUP($C26,SKU!$A:$I,5,FALSE) -> 君屹文化 | F26: 2 | G26: =VLOOKUP($C26,SKU!$A:$I,6,FALSE) -> 300 | H26: =VLOOKUP($C26,SKU!$A:$I,7,FALSE) -> 1 | I26: =F26*G26*H26 -> 600 | J26: G层仓库 | K26: Hoàng 范范 | L26: 2025.10.17 | M26: =N26/H26 -> 0 | N26: {=SUMPRODUCT(($A$3:$A$997=A26)*($I$3:$I$997))-SUMPRODUCT((Xuất出库!$A$2:$A$986=A26)*(Xuất出库!$E$2:$E$986))-SUMPRODUCT((Xuất出库!$A$2:$A$986=A26)*(Xuất出库!$F$2:$F$986))+SUMPRODUCT((Hoàn回库!$A$2:$A$996=A26)*(Hoàn回库!$E$2:$E$996))+SUMPRODUCT((Hoàn回库!$A$2:$A$996=A26)*(Hoàn回库!$F$2:$F$996))} -> 0
A27: =VLOOKUP($C27,SKU!$A:$I,3,FALSE) -> 10026 | B27: =VLOOKUP($C27,SKU!$A:$I,2,FALSE) -> 星恋文创·恋与深空《晦明交错之间》亚克力相框卡 | C27: Hải Minh LnD | D27: =VLOOKUP($C27,SKU!$A:$I,4,FALSE) -> Thẻ bự/色纸 | E27: =VLOOKUP($C27,SKU!$A:$I,5,FALSE) -> 星恋文创 | F27: 2 | G27: =VLOOKUP($C27,SKU!$A:$I,6,FALSE) -> 100 | H27: =VLOOKUP($C27,SKU!$A:$I,7,FALSE) -> 1 | I27: =F27*G27*H27 -> 200 | J27: G层仓库 | K27: Hoàng 范范 | L27: 2025.10.17 | M27: =N27/H27 -> 29 | N27: {=SUMPRODUCT(($A$3:$A$997=A27)*($I$3:$I$997))-SUMPRODUCT((Xuất出库!$A$2:$A$986=A27)*(Xuất出库!$E$2:$E$986))-SUMPRODUCT((Xuất出库!$A$2:$A$986=A27)*(Xuất出库!$F$2:$F$986))+SUMPRODUCT((Hoàn回库!$A$2:$A$996=A27)*(Hoàn回库!$E$2:$E$996))+SUMPRODUCT((Hoàn回库!$A$2:$A$996=A27)*(Hoàn回库!$F$2:$F$996))} -> 29
A28: =VLOOKUP($C28,SKU!$A:$I,3,FALSE) -> 10027 | B28: =VLOOKUP($C28,SKU!$A:$I,2,FALSE) -> 深空绘约文创我不爱世界只爱你邮票撕拉卡 | C28: LnD phiếu tem | D28: =VLOOKUP($C28,SKU!$A:$I,4,FALSE) -> Phiếu tem/邮票 | E28: =VLOOKUP($C28,SKU!$A:$I,5,FALSE) -> 深空绘约文创 | F28: 1 | G28: =VLOOKUP($C28,SKU!$A:$I,6,FALSE) -> 30 | H28: =VLOOKUP($C28,SKU!$A:$I,7,FALSE) -> 6 | I28: =F28*G28*H28 -> 180 | J28: G层仓库 | K28: Hoàng 范范 | L28: 2025.10.17 | M28: =N28/H28 -> 30 | N28: {=SUMPRODUCT(($A$3:$A$997=A28)*($I$3:$I$997))-SUMPRODUCT((Xuất出库!$A$2:$A$986=A28)*(Xuất出库!$E$2:$E$986))-SUMPRODUCT((Xuất出库!$A$2:$A$986=A28)*(Xuất出库!$F$2:$F$986))+SUMPRODUCT((Hoàn回库!$A$2:$A$996=A28)*(Hoàn回库!$E$2:$E$996))+SUMPRODUCT((Hoàn回库!$A$2:$A$996=A28)*(Hoàn回库!$F$2:$F$996))} -> 180
A29: =VLOOKUP($C29,SKU!$A:$I,3,FALSE) -> 10028 | B29: =VLOOKUP($C29,SKU!$A:$I,2,FALSE) -> 潮玩咔原神 尘世收藏卡 | C29: Trendy Toyka Genshin | D29: =VLOOKUP($C29,SKU!$A:$I,4,FALSE) -> Card/卡牌 | E29: =VLOOKUP($C29,SKU!$A:$I,5,FALSE) -> 潮玩咔 | F29: 1 | G29: =VLOOKUP($C29,SKU!$A:$I,6,FALSE) -> 36 | H29: =VLOOKUP($C29,SKU!$A:$I,7,FALSE) -> 13 | I29: =F29*G29*H29 -> 468 | J29: G层仓库 | K29: Hoàng 范范 | L29: 2025.10.17 | M29: =N29/H29 -> 5 | N29: {=SUMPRODUCT(($A$3:$A$997=A29)*($I$3:$I$997))-SUMPRODUCT((Xuất出库!$A$2:$A$986=A29)*(Xuất出库!$E$2:$E$986))-SUMPRODUCT((Xuất出库!$A$2:$A$986=A29)*(Xuất出库!$F$2:$F$986))+SUMPRODUCT((Hoàn回库!$A$2:$A$996=A29)*(Hoàn回库!$E$2:$E$996))+SUMPRODUCT((Hoàn回库!$A$2:$A$996=A29)*(Hoàn回库!$F$2:$F$996))} -> 65
A30: =VLOOKUP($C30,SKU!$A:$I,3,FALSE) -> 10029 | B30: =VLOOKUP($C30,SKU!$A:$I,2,FALSE) -> 樱花屋魔卡少女樱 | C30: Sakura House | D30: =VLOOKUP($C30,SKU!$A:$I,4,FALSE) -> Card/卡牌 | E30: =VLOOKUP($C30,SKU!$A:$I,5,FALSE) -> 樱花屋 | F30: 1 | G30: =VLOOKUP($C30,SKU!$A:$I,6,FALSE) -> 49 | H30: =VLOOKUP($C30,SKU!$A:$I,7,FALSE) -> 12 | I30: =F30*G30*H30 -> 588 | J30: G层仓库 | K30: Hoàng 范范 | L30: 2025.10.17 | M30: =N30/H30 -> -6.75 | N30: {=SUMPRODUCT(($A$3:$A$997=A30)*($I$3:$I$997))-SUMPRODUCT((Xuất出库!$A$2:$A$986=A30)*(Xuất出库!$E$2:$E$986))-SUMPRODUCT((Xuất出库!$A$2:$A$986=A30)*(Xuất出库!$F$2:$F$986))+SUMPRODUCT((Hoàn回库!$A$2:$A$996=A30)*(Hoàn回库!$E$2:$E$996))+SUMPRODUCT((Hoàn回库!$A$2:$A$996=A30)*(Hoàn回库!$F$2:$F$996))} -> -81
A31: =VLOOKUP($C31,SKU!$A:$I,3,FALSE) -> 10030 | B31: =VLOOKUP($C31,SKU!$A:$I,2,FALSE) -> 梦影动漫黑执事-典藏版收藏卡牌 | C31: Mộng ảnh Hắc Quản Gia | D31: =VLOOKUP($C31,SKU!$A:$I,4,FALSE) -> Card/卡牌 | E31: =VLOOKUP($C31,SKU!$A:$I,5,FALSE) -> 梦影动漫 | F31: 1 | G31: =VLOOKUP($C31,SKU!$A:$I,6,FALSE) -> 36 | H31: =VLOOKUP($C31,SKU!$A:$I,7,FALSE) -> 12 | I31: =F31*G31*H31 -> 432 | J31: G层仓库 | K31: Hoàng 范范 | L31: 2025.10.17 | M31: =N31/H31 -> 0 | N31: {=SUMPRODUCT(($A$3:$A$997=A31)*($I$3:$I$997))-SUMPRODUCT((Xuất出库!$A$2:$A$986=A31)*(Xuất出库!$E$2:$E$986))-SUMPRODUCT((Xuất出库!$A$2:$A$986=A31)*(Xuất出库!$F$2:$F$986))+SUMPRODUCT((Hoàn回库!$A$2:$A$996=A31)*(Hoàn回库!$E$2:$E$996))+SUMPRODUCT((Hoàn回库!$A$2:$A$996=A31)*(Hoàn回库!$F$2:$F$996))} -> 0
A32: =VLOOKUP($C32,SKU!$A:$I,3,FALSE) -> 10031 | B32: =VLOOKUP($C32,SKU!$A:$I,2,FALSE) -> 胜卡文创x魔道祖师云深不忘邮票评级卡砖 | C32: SK MĐTS phiếu tem | D32: =VLOOKUP($C32,SKU!$A:$I,4,FALSE) -> Phiếu tem/邮票 | E32: =VLOOKUP($C32,SKU!$A:$I,5,FALSE) -> 胜卡文创 | F32: 2 | G32: =VLOOKUP($C32,SKU!$A:$I,6,FALSE) -> 12 | H32: =VLOOKUP($C32,SKU!$A:$I,7,FALSE) -> 10 | I32: =F32*G32*H32 -> 240 | J32: G层仓库 | K32: Hoàng 范范 | L32: 2025.10.17 | M32: =N32/H32 -> 2 | N32: {=SUMPRODUCT(($A$3:$A$997=A32)*($I$3:$I$997))-SUMPRODUCT((Xuất出库!$A$2:$A$986=A32)*(Xuất出库!$E$2:$E$986))-SUMPRODUCT((Xuất出库!$A$2:$A$986=A32)*(Xuất出库!$F$2:$F$986))+SUMPRODUCT((Hoàn回库!$A$2:$A$996=A32)*(Hoàn回库!$E$2:$E$996))+SUMPRODUCT((Hoàn回库!$A$2:$A$996=A32)*(Hoàn回库!$F$2:$F$996))} -> 20
A33: =VLOOKUP($C33,SKU!$A:$I,3,FALSE) -> 10032 | B33: =VLOOKUP($C33,SKU!$A:$I,2,FALSE) -> 绘心阁《魔道祖师—殊途同归》色纸卡牌 | C33: Huixin MĐTS | D33: =VLOOKUP($C33,SKU!$A:$I,4,FALSE) -> Thẻ bự/色纸 | E33: =VLOOKUP($C33,SKU!$A:$I,5,FALSE) -> 绘心阁 | F33: 2 | G33: =VLOOKUP($C33,SKU!$A:$I,6,FALSE) -> 180 | H33: =VLOOKUP($C33,SKU!$A:$I,7,FALSE) -> 1 | I33: =F33*G33*H33 -> 360 | J33: G层仓库 | K33: Hoàng 范范 | L33: 2025.10.17 | M33: =N33/H33 -> 0 | N33: {=SUMPRODUCT(($A$3:$A$997=A33)*($I$3:$I$997))-SUMPRODUCT((Xuất出库!$A$2:$A$986=A33)*(Xuất出库!$E$2:$E$986))-SUMPRODUCT((Xuất出库!$A$2:$A$986=A33)*(Xuất出库!$F$2:$F$986))+SUMPRODUCT((Hoàn回库!$A$2:$A$996=A33)*(Hoàn回库!$E$2:$E$996))+SUMPRODUCT((Hoàn回库!$A$2:$A$996=A33)*(Hoàn回库!$F$2:$F$996))} -> 0
A34: =VLOOKUP($C34,SKU!$A:$I,3,FALSE) -> 10033 | B34: =VLOOKUP($C34,SKU!$A:$I,2,FALSE) -> 慕光文创「一千次心动」系列撕撕乐 | C34: LnD thẻ xé Ngàn lần động tâm | D34: =VLOOKUP($C34,SKU!$A:$I,4,FALSE) -> Thẻ xé/撕撕乐 | E34: =VLOOKUP($C34,SKU!$A:$I,5,FALSE) -> 慕光文创 | F34: 2 | G34: =VLOOKUP($C34,SKU!$A:$I,6,FALSE) -> 150 | H34: =VLOOKUP($C34,SKU!$A:$I,7,FALSE) -> 1 | I34: =F34*G34*H34 -> 300 | J34: G层仓库 | K34: Hoàng 范范 | L34: 2025.10.17 | M34: =N34/H34 -> 199 | N34: {=SUMPRODUCT(($A$3:$A$997=A34)*($I$3:$I$997))-SUMPRODUCT((Xuất出库!$A$2:$A$986=A34)*(Xuất出库!$E$2:$E$986))-SUMPRODUCT((Xuất出库!$A$2:$A$986=A34)*(Xuất出库!$F$2:$F$986))+SUMPRODUCT((Hoàn回库!$A$2:$A$996=A34)*(Hoàn回库!$E$2:$E$996))+SUMPRODUCT((Hoàn回库!$A$2:$A$996=A34)*(Hoàn回库!$F$2:$F$996))} -> 199
A35: =VLOOKUP($C35,SKU!$A:$I,3,FALSE) -> 10034 | B35: =VLOOKUP($C35,SKU!$A:$I,2,FALSE) -> 兰亭文创x墨家三宝典藏色纸砚池春深系列 | C35: Lan Đình A6 tổng hợp | D35: =VLOOKUP($C35,SKU!$A:$I,4,FALSE) -> Thẻ bự/色纸 | E35: =VLOOKUP($C35,SKU!$A:$I,5,FALSE) -> 兰亭文创 | F35: 2 | G35: =VLOOKUP($C35,SKU!$A:$I,6,FALSE) -> 120 | H35: =VLOOKUP($C35,SKU!$A:$I,7,FALSE) -> 1 | I35: =F35*G35*H35 -> 240 | J35: G层仓库 | K35: Hoàng 范范 | L35: 2025.10.17 | M35: =N35/H35 -> 0 | N35: {=SUMPRODUCT(($A$3:$A$997=A35)*($I$3:$I$997))-SUMPRODUCT((Xuất出库!$A$2:$A$986=A35)*(Xuất出库!$E$2:$E$986))-SUMPRODUCT((Xuất出库!$A$2:$A$986=A35)*(Xuất出库!$F$2:$F$986))+SUMPRODUCT((Hoàn回库!$A$2:$A$996=A35)*(Hoàn回库!$E$2:$E$996))+SUMPRODUCT((Hoàn回库!$A$2:$A$996=A35)*(Hoàn回库!$F$2:$F$996))} -> 0
... A83: =VLOOKUP($C83,SKU!$A:$I,3,FALSE) -> 10081 | B83: =VLOOKUP($C83,SKU!$A:$I,2,FALSE) -> 京都社 美少女战士 · 第4弹 | C83: Kyoto Sailor Moon vol 4 | D83: =VLOOKUP($C83,SKU!$A:$I,4,FALSE) -> Card/卡牌 | E83: =VLOOKUP($C83,SKU!$A:$I,5,FALSE) -> 京都社 | F83: 1 | G83: =VLOOKUP($C83,SKU!$A:$I,6,FALSE) -> 36 | H83: =VLOOKUP($C83,SKU!$A:$I,7,FALSE) -> 13 | I83: =F83*G83*H83 -> 468 | J83: G层仓库 | K83: Hoàng 范范 | L83: 2025.12.08 | M83: =N83/H83 -> 16 | N83: {=SUMPRODUCT(($A$3:$A$997=A83)*($I$3:$I$997))-SUMPRODUCT((Xuất出库!$A$2:$A$986=A83)*(Xuất出库!$E$2:$E$986))-SUMPRODUCT((Xuất出库!$A$2:$A$986=A83)*(Xuất出库!$F$2:$F$986))+SUMPRODUCT((Hoàn回库!$A$2:$A$996=A83)*(Hoàn回库!$E$2:$E$996))+SUMPRODUCT((Hoàn回库!$A$2:$A$996=A83)*(Hoàn回库!$F$2:$F$996))} -> 208
A84: =VLOOKUP($C84,SKU!$A:$I,3,FALSE) -> 10082 | B84: =VLOOKUP($C84,SKU!$A:$I,2,FALSE) -> 吾羽文创-全亚克力正方形原神色纸 | C84: Genshin A6 Tiwayimeng (Viết tắt Tiwa) | D84: =VLOOKUP($C84,SKU!$A:$I,4,FALSE) -> Thẻ bự/色纸 | E84: =VLOOKUP($C84,SKU!$A:$I,5,FALSE) -> 吾羽文创 | F84: =1+179/180 -> 1.9944444 | G84: =VLOOKUP($C84,SKU!$A:$I,6,FALSE) -> 30 | H84: =VLOOKUP($C84,SKU!$A:$I,7,FALSE) -> 6 | I84: =F84*G84*H84 -> 359 | J84: G层仓库 | K84: Hoàng 范范 | L84: 2025.12.08 | M84: =N84/H84 -> -1.7053026e-13 | N84: {=SUMPRODUCT(($A$3:$A$997=A84)*($I$3:$I$997))-SUMPRODUCT((Xuất出库!$A$2:$A$986=A84)*(Xuất出库!$E$2:$E$986))-SUMPRODUCT((Xuất出库!$A$2:$A$986=A84)*(Xuất出库!$F$2:$F$986))+SUMPRODUCT((Hoàn回库!$A$2:$A$996=A84)*(Hoàn回库!$E$2:$E$996))+SUMPRODUCT((Hoàn回库!$A$2:$A$996=A84)*(Hoàn回库!$F$2:$F$996))} -> -1.0231815e-12
A85: =VLOOKUP($C85,SKU!$A:$I,3,FALSE) -> 10083 | B85: =VLOOKUP($C85,SKU!$A:$I,2,FALSE) -> 天官赐福花灯照夜 | C85: Card Fun Thiên quan tứ phúc Hoa đăng chiếu dạ | D85: =VLOOKUP($C85,SKU!$A:$I,4,FALSE) -> Card/卡牌 | E85: =VLOOKUP($C85,SKU!$A:$I,5,FALSE) -> 集卡社 | F85: 1 | G85: =VLOOKUP($C85,SKU!$A:$I,6,FALSE) -> 36 | H85: =VLOOKUP($C85,SKU!$A:$I,7,FALSE) -> 16 | I85: =F85*G85*H85 -> 576 | J85: G层仓库 | K85: Hoàng 范范 | L85: 2025.12.08 | M85: =N85/H85 -> 16 | N85: {=SUMPRODUCT(($A$3:$A$997=A85)*($I$3:$I$997))-SUMPRODUCT((Xuất出库!$A$2:$A$986=A85)*(Xuất出库!$E$2:$E$986))-SUMPRODUCT((Xuất出库!$A$2:$A$986=A85)*(Xuất出库!$F$2:$F$986))+SUMPRODUCT((Hoàn回库!$A$2:$A$996=A85)*(Hoàn回库!$E$2:$E$996))+SUMPRODUCT((Hoàn回库!$A$2:$A$996=A85)*(Hoàn回库!$F$2:$F$996))} -> 256
A86: =VLOOKUP($C86,SKU!$A:$I,3,FALSE) -> 10084 | B86: =VLOOKUP($C86,SKU!$A:$I,2,FALSE) -> 《斩神之凡尘神域》典藏版收藏卡 | C86: Card Fun Trảm thần chi phàm trần thần vực | D86: =VLOOKUP($C86,SKU!$A:$I,4,FALSE) -> Card/卡牌 | E86: =VLOOKUP($C86,SKU!$A:$I,5,FALSE) -> 集卡社 | F86: 1 | G86: =VLOOKUP($C86,SKU!$A:$I,6,FALSE) -> 36 | H86: =VLOOKUP($C86,SKU!$A:$I,7,FALSE) -> 16 | I86: =F86*G86*H86 -> 576 | J86: G层仓库 | K86: Hoàng 范范 | L86: 2025.12.08 | M86: =N86/H86 -> 36 | N86: {=SUMPRODUCT(($A$3:$A$997=A86)*($I$3:$I$997))-SUMPRODUCT((Xuất出库!$A$2:$A$986=A86)*(Xuất出库!$E$2:$E$986))-SUMPRODUCT((Xuất出库!$A$2:$A$986=A86)*(Xuất出库!$F$2:$F$986))+SUMPRODUCT((Hoàn回库!$A$2:$A$996=A86)*(Hoàn回库!$E$2:$E$996))+SUMPRODUCT((Hoàn回库!$A$2:$A$996=A86)*(Hoàn回库!$F$2:$F$996))} -> 576
A87: =VLOOKUP($C87,SKU!$A:$I,3,FALSE) -> 10085 | B87: =VLOOKUP($C87,SKU!$A:$I,2,FALSE) -> 火影忍者·手绘复刻撕撕乐 | C87: Naruto thẻ xé | D87: =VLOOKUP($C87,SKU!$A:$I,4,FALSE) -> Thẻ xé/撕撕乐 | E87: =VLOOKUP($C87,SKU!$A:$I,5,FALSE) -> 未知 | F87: 2 | G87: =VLOOKUP($C87,SKU!$A:$I,6,FALSE) -> 300 | H87: =VLOOKUP($C87,SKU!$A:$I,7,FALSE) -> 1 | I87: =F87*G87*H87 -> 600 | J87: G层仓库 | K87: Hoàng 范范 | L87: 2025.12.08 | M87: =N87/H87 -> 370 | N87: {=SUMPRODUCT(($A$3:$A$997=A87)*($I$3:$I$997))-SUMPRODUCT((Xuất出库!$A$2:$A$986=A87)*(Xuất出库!$E$2:$E$986))-SUMPRODUCT((Xuất出库!$A$2:$A$986=A87)*(Xuất出库!$F$2:$F$986))+SUMPRODUCT((Hoàn回库!$A$2:$A$996=A87)*(Hoàn回库!$E$2:$E$996))+SUMPRODUCT((Hoàn回库!$A$2:$A$996=A87)*(Hoàn回库!$F$2:$F$996))} -> 370
A88: =VLOOKUP($C88,SKU!$A:$I,3,FALSE) -> 10086 | B88: =VLOOKUP($C88,SKU!$A:$I,2,FALSE) -> 【潮迷文创】名侦探柯南-危险排队-周边创意艺术色纸 | C88: Conan ver Party nguy hiểm | D88: =VLOOKUP($C88,SKU!$A:$I,4,FALSE) -> Thẻ bự/色纸 | E88: =VLOOKUP($C88,SKU!$A:$I,5,FALSE) -> 潮迷文创 | F88: 2 | G88: =VLOOKUP($C88,SKU!$A:$I,6,FALSE) -> 90 | H88: =VLOOKUP($C88,SKU!$A:$I,7,FALSE) -> 1 | I88: =F88*G88*H88 -> 180 | J88: G层仓库 | K88: Hoàng 范范 | L88: 2025.12.08 | M88: =N88/H88 -> 0 | N88: {=SUMPRODUCT(($A$3:$A$997=A88)*($I$3:$I$997))-SUMPRODUCT((Xuất出库!$A$2:$A$986=A88)*(Xuất出库!$E$2:$E$986))-SUMPRODUCT((Xuất出库!$A$2:$A$986=A88)*(Xuất出库!$F$2:$F$986))+SUMPRODUCT((Hoàn回库!$A$2:$A$996=A88)*(Hoàn回库!$E$2:$E$996))+SUMPRODUCT((Hoàn回库!$A$2:$A$996=A88)*(Hoàn回库!$F$2:$F$996))} -> 0
A89: =VLOOKUP($C89,SKU!$A:$I,3,FALSE) -> 10087 | B89: =VLOOKUP($C89,SKU!$A:$I,2,FALSE) -> 世界杯足球2026 | C89: World Cup 2026 | D89: =VLOOKUP($C89,SKU!$A:$I,4,FALSE) -> Card/卡牌 | E89: =VLOOKUP($C89,SKU!$A:$I,5,FALSE) -> 义乌 | F89: 2 | G89: =VLOOKUP($C89,SKU!$A:$I,6,FALSE) -> 80 | H89: =VLOOKUP($C89,SKU!$A:$I,7,FALSE) -> 36 | I89: =F89*G89*H89 -> 5760 | J89: G层仓库 | K89: Hoàng 范范 | L89: 2025.12.08 | M89: =N89/H89 -> 145 | N89: {=SUMPRODUCT(($A$3:$A$997=A89)*($I$3:$I$997))-SUMPRODUCT((Xuất出库!$A$2:$A$986=A89)*(Xuất出库!$E$2:$E$986))-SUMPRODUCT((Xuất出库!$A$2:$A$986=A89)*(Xuất出库!$F$2:$F$986))+SUMPRODUCT((Hoàn回库!$A$2:$A$996=A89)*(Hoàn回库!$E$2:$E$996))+SUMPRODUCT((Hoàn回库!$A$2:$A$996=A89)*(Hoàn回库!$F$2:$F$996))} -> 5220
A90: =VLOOKUP($C90,SKU!$A:$I,3,FALSE) -> 10088 | B90: =VLOOKUP($C90,SKU!$A:$I,2,FALSE) -> 名侦探柯南-名推理收藏卡-觅影包-第3弹 | C90: Kayou Conan vol 3 (bản 2 tệ) | D90: =VLOOKUP($C90,SKU!$A:$I,4,FALSE) -> Thẻ bự/色纸 | E90: =VLOOKUP($C90,SKU!$A:$I,5,FALSE) -> 卡游 | F90: 2 | G90: =VLOOKUP($C90,SKU!$A:$I,6,FALSE) -> 48 | H90: =VLOOKUP($C90,SKU!$A:$I,7,FALSE) -> 30 | I90: =F90*G90*H90 -> 2880 | J90: G层仓库 | K90: Hoàng 范范 | L90: 2025.12.08 | M90: =N90/H90 -> 59 | N90: {=SUMPRODUCT(($A$3:$A$997=A90)*($I$3:$I$997))-SUMPRODUCT((Xuất出库!$A$2:$A$986=A90)*(Xuất出库!$E$2:$E$986))-SUMPRODUCT((Xuất出库!$A$2:$A$986=A90)*(Xuất出库!$F$2:$F$986))+SUMPRODUCT((Hoàn回库!$A$2:$A$996=A90)*(Hoàn回库!$E$2:$E$996))+SUMPRODUCT((Hoàn回库!$A$2:$A$996=A90)*(Hoàn回库!$F$2:$F$996))} -> 1770
A91: =VLOOKUP($C91,SKU!$A:$I,3,FALSE) -> 10031 | B91: =VLOOKUP($C91,SKU!$A:$I,2,FALSE) -> 胜卡文创x魔道祖师云深不忘邮票评级卡砖 | C91: SK MĐTS phiếu tem | D91: =VLOOKUP($C91,SKU!$A:$I,4,FALSE) -> Phiếu tem/邮票 | E91: =VLOOKUP($C91,SKU!$A:$I,5,FALSE) -> 胜卡文创 | F91: =1/6 -> 0.16666667 | G91: =VLOOKUP($C91,SKU!$A:$I,6,FALSE) -> 12 | H91: =VLOOKUP($C91,SKU!$A:$I,7,FALSE) -> 10 | I91: =F91*G91*H91 -> 20 | J91: G层仓库 | K91: Hoàng 范范 | L91: 2025.12.08 | M91: =N91/H91 -> 2 | N91: {=SUMPRODUCT(($A$3:$A$997=A91)*($I$3:$I$997))-SUMPRODUCT((Xuất出库!$A$2:$A$986=A91)*(Xuất出库!$E$2:$E$986))-SUMPRODUCT((Xuất出库!$A$2:$A$986=A91)*(Xuất出库!$F$2:$F$986))+SUMPRODUCT((Hoàn回库!$A$2:$A$996=A91)*(Hoàn回库!$E$2:$E$996))+SUMPRODUCT((Hoàn回库!$A$2:$A$996=A91)*(Hoàn回库!$F$2:$F$996))} -> 20
A92: =VLOOKUP($C92,SKU!$A:$I,3,FALSE) -> 10089 | B92: =VLOOKUP($C92,SKU!$A:$I,2,FALSE) -> 星火线条小狗 | C92: Sao Hỏa Maltese | D92: =VLOOKUP($C92,SKU!$A:$I,4,FALSE) -> Card/卡牌 | E92: =VLOOKUP($C92,SKU!$A:$I,5,FALSE) -> 星火 | F92: 2 | G92: =VLOOKUP($C92,SKU!$A:$I,6,FALSE) -> 36 | H92: =VLOOKUP($C92,SKU!$A:$I,7,FALSE) -> 14 | I92: =F92*G92*H92 -> 1008 | J92: G层仓库 | K92: Hoàng 范范 | L92: 2025.12.12 | M92: =N92/H92 -> 0 | N92: {=SUMPRODUCT(($A$3:$A$997=A92)*($I$3:$I$997))-SUMPRODUCT((Xuất出库!$A$2:$A$986=A92)*(Xuất出库!$E$2:$E$986))-SUMPRODUCT((Xuất出库!$A$2:$A$986=A92)*(Xuất出库!$F$2:$F$986))+SUMPRODUCT((Hoàn回库!$A$2:$A$996=A92)*(Hoàn回库!$E$2:$E$996))+SUMPRODUCT((Hoàn回库!$A$2:$A$996=A92)*(Hoàn回库!$F$2:$F$996))} -> 0
A93: =VLOOKUP($C93,SKU!$A:$I,3,FALSE) -> 10090 | B93: =VLOOKUP($C93,SKU!$A:$I,2,FALSE) -> 依梦×宫崎骏の治愈一生 | C93: Yimeng Ghibli chữa lành cả đời | D93: =VLOOKUP($C93,SKU!$A:$I,4,FALSE) -> Card/卡牌 | E93: =VLOOKUP($C93,SKU!$A:$I,5,FALSE) -> 依梦 | F93: 1 | G93: =VLOOKUP($C93,SKU!$A:$I,6,FALSE) -> 36 | H93: =VLOOKUP($C93,SKU!$A:$I,7,FALSE) -> 13 | I93: =F93*G93*H93 -> 468 | J93: G层仓库 | K93: Hoàng 范范 | L93: 2025.12.12 | M93: =N93/H93 -> 0 | N93: {=SUMPRODUCT(($A$3:$A$997=A93)*($I$3:$I$997))-SUMPRODUCT((Xuất出库!$A$2:$A$986=A93)*(Xuất出库!$E$2:$E$986))-SUMPRODUCT((Xuất出库!$A$2:$A$986=A93)*(Xuất出库!$F$2:$F$986))+SUMPRODUCT((Hoàn回库!$A$2:$A$996=A93)*(Hoàn回库!$E$2:$E$996))+SUMPRODUCT((Hoàn回库!$A$2:$A$996=A93)*(Hoàn回库!$F$2:$F$996))} -> 0
A94: =VLOOKUP($C94,SKU!$A:$I,3,FALSE) -> 10091 | B94: =VLOOKUP($C94,SKU!$A:$I,2,FALSE) -> 星际宝贝百变顽家收藏卡 | C94: Card Fun Lilo&Stitch Dân chơi bách biến | D94: =VLOOKUP($C94,SKU!$A:$I,4,FALSE) -> Card/卡牌 | E94: =VLOOKUP($C94,SKU!$A:$I,5,FALSE) -> 集卡社 | F94: 1 | G94: =VLOOKUP($C94,SKU!$A:$I,6,FALSE) -> 48 | H94: =VLOOKUP($C94,SKU!$A:$I,7,FALSE) -> 10 | I94: =F94*G94*H94 -> 480 | J94: G层仓库 | K94: Hoàng 范范 | L94: 2025.12.12 | M94: =N94/H94 -> 0 | N94: {=SUMPRODUCT(($A$3:$A$997=A94)*($I$3:$I$997))-SUMPRODUCT((Xuất出库!$A$2:$A$986=A94)*(Xuất出库!$E$2:$E$986))-SUMPRODUCT((Xuất出库!$A$2:$A$986=A94)*(Xuất出库!$F$2:$F$986))+SUMPRODUCT((Hoàn回库!$A$2:$A$996=A94)*(Hoàn回库!$E$2:$E$996))+SUMPRODUCT((Hoàn回库!$A$2:$A$996=A94)*(Hoàn回库!$F$2:$F$996))} -> 0
A95: =VLOOKUP($C95,SKU!$A:$I,3,FALSE) -> 10092 | B95: =VLOOKUP($C95,SKU!$A:$I,2,FALSE) -> 紫薇文创×魔卡少女樱·撕撕乐 | C95: Tử Vi Sakura thẻ xé | D95: =VLOOKUP($C95,SKU!$A:$I,4,FALSE) -> Thẻ xé/撕撕乐 | E95: =VLOOKUP($C95,SKU!$A:$I,5,FALSE) -> 紫薇文创 | F95: 1 | G95: =VLOOKUP($C95,SKU!$A:$I,6,FALSE) -> 202 | H95: =VLOOKUP($C95,SKU!$A:$I,7,FALSE) -> 3 | I95: =F95*G95*H95 -> 606 | J95: G层仓库 | K95: Hoàng 范范 | L95: 2025.12.12 | M95: =N95/H95 -> 0 | N95: {=SUMPRODUCT(($A$3:$A$997=A95)*($I$3:$I$997))-SUMPRODUCT((Xuất出库!$A$2:$A$986=A95)*(Xuất出库!$E$2:$E$986))-SUMPRODUCT((Xuất出库!$A$2:$A$986=A95)*(Xuất出库!$F$2:$F$986))+SUMPRODUCT((Hoàn回库!$A$2:$A$996=A95)*(Hoàn回库!$E$2:$E$996))+SUMPRODUCT((Hoàn回库!$A$2:$A$996=A95)*(Hoàn回库!$F$2:$F$996))} -> 0
A96: =VLOOKUP($C96,SKU!$A:$I,3,FALSE) -> 10093 | B96: =VLOOKUP($C96,SKU!$A:$I,2,FALSE) -> 星绘社新海诚系列卡牌 | C96: Tinh tú hội họa Shinkai Makoto | D96: =VLOOKUP($C96,SKU!$A:$I,4,FALSE) -> Card/卡牌 | E96: =VLOOKUP($C96,SKU!$A:$I,5,FALSE) -> 星绘社 | F96: 1 | G96: =VLOOKUP($C96,SKU!$A:$I,6,FALSE) -> 36 | H96: =VLOOKUP($C96,SKU!$A:$I,7,FALSE) -> 13 | I96: =F96*G96*H96 -> 468 | J96: G层仓库 | K96: Hoàng 范范 | L96: 2025.12.12 | M96: =N96/H96 -> 5 | N96: {=SUMPRODUCT(($A$3:$A$997=A96)*($I$3:$I$997))-SUMPRODUCT((Xuất出库!$A$2:$A$986=A96)*(Xuất出库!$E$2:$E$986))-SUMPRODUCT((Xuất出库!$A$2:$A$986=A96)*(Xuất出库!$F$2:$F$986))+SUMPRODUCT((Hoàn回库!$A$2:$A$996=A96)*(Hoàn回库!$E$2:$E$996))+SUMPRODUCT((Hoàn回库!$A$2:$A$996=A96)*(Hoàn回库!$F$2:$F$996))} -> 65
A97: =VLOOKUP($C97,SKU!$A:$I,3,FALSE) -> 10094 | B97: =VLOOKUP($C97,SKU!$A:$I,2,FALSE) -> 山海文创《蝶海梦花》耽美男神A6纯亚克力色纸 | C97: Nam thần đam mỹ A6 Điệp hải mộng hoa | D97: =VLOOKUP($C97,SKU!$A:$I,4,FALSE) -> Thẻ bự/色纸 | E97: =VLOOKUP($C97,SKU!$A:$I,5,FALSE) -> 山海文创 | F97: 1 | G97: =VLOOKUP($C97,SKU!$A:$I,6,FALSE) -> 20 | H97: =VLOOKUP($C97,SKU!$A:$I,7,FALSE) -> 5 | I97: =F97*G97*H97 -> 100 | J97: G层仓库 | K97: Hoàng 范范 | L97: 2025.12.12 | M97: =N97/H97 -> 0 | N97: {=SUMPRODUCT(($A$3:$A$997=A97)*($I$3:$I$997))-SUMPRODUCT((Xuất出库!$A$2:$A$986=A97)*(Xuất出库!$E$2:$E$986))-SUMPRODUCT((Xuất出库!$A$2:$A$986=A97)*(Xuất出库!$F$2:$F$986))+SUMPRODUCT((Hoàn回库!$A$2:$A$996=A97)*(Hoàn回库!$E$2:$E$996))+SUMPRODUCT((Hoàn回库!$A$2:$A$996=A97)*(Hoàn回库!$F$2:$F$996))} -> 0
A98: =VLOOKUP($C98,SKU!$A:$I,3,FALSE) -> 10095 | B98: =VLOOKUP($C98,SKU!$A:$I,2,FALSE) -> WUPO艺术家手绘系列色纸第一弹 | C98: WUPO Tranh nghệ thuật hội họa vol 1 | D98: =VLOOKUP($C98,SKU!$A:$I,4,FALSE) -> Thẻ bự/色纸 | E98: =VLOOKUP($C98,SKU!$A:$I,5,FALSE) -> WUPO | F98: 1 | G98: =VLOOKUP($C98,SKU!$A:$I,6,FALSE) -> 20 | H98: =VLOOKUP($C98,SKU!$A:$I,7,FALSE) -> 6 | I98: =F98*G98*H98 -> 120 | J98: G层仓库 | K98: Hoàng 范范 | L98: 2025.12.12 | M98: =N98/H98 -> 0 | N98: {=SUMPRODUCT(($A$3:$A$997=A98)*($I$3:$I$997))-SUMPRODUCT((Xuất出库!$A$2:$A$986=A98)*(Xuất出库!$E$2:$E$986))-SUMPRODUCT((Xuất出库!$A$2:$A$986=A98)*(Xuất出库!$F$2:$F$986))+SUMPRODUCT((Hoàn回库!$A$2:$A$996=A98)*(Hoàn回库!$E$2:$E$996))+SUMPRODUCT((Hoàn回库!$A$2:$A$996=A98)*(Hoàn回库!$F$2:$F$996))} -> 0
A99: =VLOOKUP($C99,SKU!$A:$I,3,FALSE) -> 10096 | B99: =VLOOKUP($C99,SKU!$A:$I,2,FALSE) -> 至臻文创美少女战士 | C99: Sailor Moon Tinh Túy | D99: =VLOOKUP($C99,SKU!$A:$I,4,FALSE) -> Card/卡牌 | E99: =VLOOKUP($C99,SKU!$A:$I,5,FALSE) -> 至臻文创 | F99: 2 | G99: =VLOOKUP($C99,SKU!$A:$I,6,FALSE) -> 36 | H99: =VLOOKUP($C99,SKU!$A:$I,7,FALSE) -> 14 | I99: =F99*G99*H99 -> 1008 | J99: G层仓库 | K99: Hoàng 范范 | L99: 2025.12.19 | M99: =N99/H99 -> 45 | N99: {=SUMPRODUCT(($A$3:$A$997=A99)*($I$3:$I$997))-SUMPRODUCT((Xuất出库!$A$2:$A$986=A99)*(Xuất出库!$E$2:$E$986))-SUMPRODUCT((Xuất出库!$A$2:$A$986=A99)*(Xuất出库!$F$2:$F$986))+SUMPRODUCT((Hoàn回库!$A$2:$A$996=A99)*(Hoàn回库!$E$2:$E$996))+SUMPRODUCT((Hoàn回库!$A$2:$A$996=A99)*(Hoàn回库!$F$2:$F$996))} -> 630
A100: =VLOOKUP($C100,SKU!$A:$I,3,FALSE) -> 10097 | B100: =VLOOKUP($C100,SKU!$A:$I,2,FALSE) -> 《将进酒》漫画纪念收藏卡-剑指山河 | C100: Card Fun Thương Tiến Tửu - Kiếm Chỉ Sơn Hà | D100: =VLOOKUP($C100,SKU!$A:$I,4,FALSE) -> Card/卡牌 | E100: =VLOOKUP($C100,SKU!$A:$I,5,FALSE) -> 集卡社 | F100: 1 | G100: =VLOOKUP($C100,SKU!$A:$I,6,FALSE) -> 36 | H100: =VLOOKUP($C100,SKU!$A:$I,7,FALSE) -> 16 | I100: =F100*G100*H100 -> 576 | J100: G层仓库 | K100: Hoàng 范范 | L100: 2025.12.19 | M100: =N100/H100 -> 36 | N100: {=SUMPRODUCT(($A$3:$A$997=A100)*($I$3:$I$997))-SUMPRODUCT((Xuất出库!$A$2:$A$986=A100)*(Xuất出库!$E$2:$E$986))-SUMPRODUCT((Xuất出库!$A$2:$A$986=A100)*(Xuất出库!$F$2:$F$986))+SUMPRODUCT((Hoàn回库!$A$2:$A$996=A100)*(Hoàn回库!$E$2:$E$996))+SUMPRODUCT((Hoàn回库!$A$2:$A$996=A100)*(Hoàn回库!$F$2:$F$996))} -> 576
A101: =VLOOKUP($C101,SKU!$A:$I,3,FALSE) -> 10098 | B101: =VLOOKUP($C101,SKU!$A:$I,2,FALSE) -> 【念君集·双心占卜·耽美系列】三界情缘塔罗牌 | C101: Series Đam Mỹ - Bộ Tarot Nhân Duyên Tam Giới | D101: =VLOOKUP($C101,SKU!$A:$I,4,FALSE) -> Thẻ bự/色纸 | E101: =VLOOKUP($C101,SKU!$A:$I,5,FALSE) -> 念君集 | F101: 1 | G101: =VLOOKUP($C101,SKU!$A:$I,6,FALSE) -> 10 | H101: =VLOOKUP($C101,SKU!$A:$I,7,FALSE) -> 12 | I101: =F101*G101*H101 -> 120 | J101: G层仓库 | K101: Hoàng 范范 | L101: 2025.12.19 | M101: =N101/H101 -> 0 | N101: {=SUMPRODUCT(($A$3:$A$997=A101)*($I$3:$I$997))-SUMPRODUCT((Xuất出库!$A$2:$A$986=A101)*(Xuất出库!$E$2:$E$986))-SUMPRODUCT((Xuất出库!$A$2:$A$986=A101)*(Xuất出库!$F$2:$F$986))+SUMPRODUCT((Hoàn回库!$A$2:$A$996=A101)*(Hoàn回库!$E$2:$E$996))+SUMPRODUCT((Hoàn回库!$A$2:$A$996=A101)*(Hoàn回库!$F$2:$F$996))} -> 0
A102: =VLOOKUP($C102,SKU!$A:$I,3,FALSE) -> 10099 | B102: =VLOOKUP($C102,SKU!$A:$I,2,FALSE) -> 青彦美少女战士 · 第 1 弹 | C102: Thanh Nghiễn Sailor Moon vol 1 | D102: =VLOOKUP($C102,SKU!$A:$I,4,FALSE) -> Card/卡牌 | E102: =VLOOKUP($C102,SKU!$A:$I,5,FALSE) -> 青彦 | F102: 1 | G102: =VLOOKUP($C102,SKU!$A:$I,6,FALSE) -> 36 | H102: =VLOOKUP($C102,SKU!$A:$I,7,FALSE) -> 13 | I102: =F102*G102*H102 -> 468 | J102: G层仓库 | K102: Hoàng 范范 | L102: 2025.12.19 | M102: =N102/H102 -> 31 | N102: {=SUMPRODUCT(($A$3:$A$997=A102)*($I$3:$I$997))-SUMPRODUCT((Xuất出库!$A$2:$A$986=A102)*(Xuất出库!$E$2:$E$986))-SUMPRODUCT((Xuất出库!$A$2:$A$986=A102)*(Xuất出库!$F$2:$F$986))+SUMPRODUCT((Hoàn回库!$A$2:$A$996=A102)*(Hoàn回库!$E$2:$E$996))+SUMPRODUCT((Hoàn回库!$A$2:$A$996=A102)*(Hoàn回库!$F$2:$F$996))} -> 403
A103: =VLOOKUP($C103,SKU!$A:$I,3,FALSE) -> 10100 | B103: =VLOOKUP($C103,SKU!$A:$I,2,FALSE) -> 《意卡文创海贼王》第二弹 | C103: Yi Card One Piece vol 2 | D103: =VLOOKUP($C103,SKU!$A:$I,4,FALSE) -> Card/卡牌 | E103: =VLOOKUP($C103,SKU!$A:$I,5,FALSE) -> 意卡文创 | F103: 2 | G103: =VLOOKUP($C103,SKU!$A:$I,6,FALSE) -> 36 | H103: =VLOOKUP($C103,SKU!$A:$I,7,FALSE) -> 13 | I103: =F103*G103*H103 -> 936 | J103: G层仓库 | K103: Hoàng 范范 | L103: 2025.12.19 | M103: =N103/H103 -> 28 | N103: {=SUMPRODUCT(($A$3:$A$997=A103)*($I$3:$I$997))-SUMPRODUCT((Xuất出库!$A$2:$A$986=A103)*(Xuất出库!$E$2:$E$986))-SUMPRODUCT((Xuất出库!$A$2:$A$986=A103)*(Xuất出库!$F$2:$F$986))+SUMPRODUCT((Hoàn回库!$A$2:$A$996=A103)*(Hoàn回库!$E$2:$E$996))+SUMPRODUCT((Hoàn回库!$A$2:$A$996=A103)*(Hoàn回库!$F$2:$F$996))} -> 364
... A115: =VLOOKUP($C115,SKU!$A:$I,3,FALSE) -> 10112 | B115: =VLOOKUP($C115,SKU!$A:$I,2,FALSE) -> 0 | C115: Free Fire Blaze Core pack | D115: =VLOOKUP($C115,SKU!$A:$I,4,FALSE) -> Card/卡牌 | E115: =VLOOKUP($C115,SKU!$A:$I,5,FALSE) -> Mancy | F115: 1 | G115: =VLOOKUP($C115,SKU!$A:$I,6,FALSE) -> 24 | H115: =VLOOKUP($C115,SKU!$A:$I,7,FALSE) -> 10 | I115: =F115*G115*H115 -> 240 | J115: G层仓库 | K115: Hoàng 范范 | L115: 2025.12.19 | M115: =N115/H115 -> 24 | N115: {=SUMPRODUCT(($A$3:$A$997=A115)*($I$3:$I$997))-SUMPRODUCT((Xuất出库!$A$2:$A$986=A115)*(Xuất出库!$E$2:$E$986))-SUMPRODUCT((Xuất出库!$A$2:$A$986=A115)*(Xuất出库!$F$2:$F$986))+SUMPRODUCT((Hoàn回库!$A$2:$A$996=A115)*(Hoàn回库!$E$2:$E$996))+SUMPRODUCT((Hoàn回库!$A$2:$A$996=A115)*(Hoàn回库!$F$2:$F$996))} -> 240

Sheet Xuất出库
A1: sku序列 SKU CODE | B1: 中文名 Tên tiếng Trung | C1: 英文/越文名 Tên tiếng Việt | D1: 数量/盒 SL (Hộp) | E1: 整盒包数 SL (Pack/Tổng hộp) | F1: 零散包数 Pack lẻ | G1: 主播 Host | H1: 取货人 Người xuất | I1: 出库日期 Ngày xuất | J1: 时间 Thời gian
A2: =VLOOKUP($C2,SKU!$A:$I,3,FALSE) -> 10010 | B2: =VLOOKUP($C2,SKU!$A:$I,2,FALSE) -> 玩的入迷-魔卡少女樱第一弹—樱之绮遇 | C2: Wamder Roaming Sakura | D2: 12 | E2: =D2*VLOOKUP(A2,Nhập入库!A:N,8,FALSE) -> 156 | G2: Thùy 阿锤 | H2: Dũng 阿勇 | I2: 2025.10.16 | J2: 0.47986111
A3: =VLOOKUP($C3,SKU!$A:$I,3,FALSE) -> 10016 | B3: =VLOOKUP($C3,SKU!$A:$I,2,FALSE) -> 思梨普文创《hey!国王陛下》集换式艺术家典藏卡 | C3: Quàng Thượng | D3: 5 | E3: =D3*VLOOKUP(A3,Nhập入库!A:N,8,FALSE) -> 50 | G3: Thùy 阿锤 | H3: Dũng 阿勇 | I3: 2025.10.16 | J3: 0.47986111
A4: =VLOOKUP($C4,SKU!$A:$I,3,FALSE) -> 10010 | B4: =VLOOKUP($C4,SKU!$A:$I,2,FALSE) -> 玩的入迷-魔卡少女樱第一弹—樱之绮遇 | C4: Wamder Roaming Sakura | D4: 24 | E4: =D4*VLOOKUP(A4,Nhập入库!A:N,8,FALSE) -> 312 | G4: Thùy 阿锤 | H4: Dũng 阿勇 | I4: 2025.10.16 | J4: 0.51736111
A5: =VLOOKUP($C5,SKU!$A:$I,3,FALSE) -> 10015 | B5: =VLOOKUP($C5,SKU!$A:$I,2,FALSE) -> 梦绘文创-宫崎骏第二弹 | C5: MH Gibli | D5: 5 | E5: =D5*VLOOKUP(A5,Nhập入库!A:N,8,FALSE) -> 60 | G5: Thành Đạt 成达 | H5: Dũng 阿勇 | I5: 2025.10.16 | J5: 0.55694444
A6: =VLOOKUP($C6,SKU!$A:$I,3,FALSE) -> 10003 | B6: =VLOOKUP($C6,SKU!$A:$I,2,FALSE) -> DUO米全新出品鬼灭之刃-柱合会议篇第二弹 | C6: DUO Kyn | D6: 5 | E6: =D6*VLOOKUP(A6,Nhập入库!A:N,8,FALSE) -> 65 | G6: Bội Anh 倍英 | H6: Dũng 阿勇 | I6: 2025.10.16 | J6: 0.55694444
A7: =VLOOKUP($C7,SKU!$A:$I,3,FALSE) -> 10020 | B7: =VLOOKUP($C7,SKU!$A:$I,2,FALSE) -> 集卡社小樱 | C7: Sakura Card Fun | D7: 5 | E7: =D7*VLOOKUP(A7,Nhập入库!A:N,8,FALSE) -> 80 | G7: Thùy 阿锤 | H7: Huệ 氏惠 | I7: 45947 | J7: 0.39027778
A8: =VLOOKUP($C8,SKU!$A:$I,3,FALSE) -> 10021 | B8: =VLOOKUP($C8,SKU!$A:$I,2,FALSE) -> 新谷动漫名侦探柯南·仲夏夜之恋邮票集 | C8: Shingu Conan phiếu tem | D8: 10 | E8: =D8*VLOOKUP(A8,Nhập入库!A:N,8,FALSE) -> 50 | G8: Mimi | H8: Trà My 茶梅 | I8: 45948 | J8: 0.40347222
A9: =VLOOKUP($C9,SKU!$A:$I,3,FALSE) -> 10014 | B9: =VLOOKUP($C9,SKU!$A:$I,2,FALSE) -> 星梦文创-Studio Ghibli宫崎骏撕撕乐系列 | C9: Tinh Mộng Gibli thẻ xé | D9: 20 | E9: =D9*VLOOKUP(A9,Nhập入库!A:N,8,FALSE) -> 60 | G9: Hà 小河 | H9: Trà My 茶梅 | I9: 45948 | J9: 0.40347222
A10: =VLOOKUP($C10,SKU!$A:$I,3,FALSE) -> 10028 | B10: =VLOOKUP($C10,SKU!$A:$I,2,FALSE) -> 潮玩咔原神 尘世收藏卡 | C10: Trendy Toyka Genshin | D10: 5 | E10: =D10*VLOOKUP(A10,Nhập入库!A:N,8,FALSE) -> 65 | G10: Bội Anh 倍英 | H10: Dũng 阿勇 | I10: 45948 | J10: 0.45625
A11: =VLOOKUP($C11,SKU!$A:$I,3,FALSE) -> 10018 | B11: =VLOOKUP($C11,SKU!$A:$I,2,FALSE) -> 圣月美少女战士星尘协奏曲长卡 | C11: Sacred Sailor Moon | D11: 5 | E11: =D11*VLOOKUP(A11,Nhập入库!A:N,8,FALSE) -> 65 | G11: Thùy 阿锤 | H11: Huệ 氏惠 | I11: 45948 | J11: 0.41875
A12: =VLOOKUP($C12,SKU!$A:$I,3,FALSE) -> 10028 | B12: =VLOOKUP($C12,SKU!$A:$I,2,FALSE) -> 潮玩咔原神 尘世收藏卡 | C12: Trendy Toyka Genshin | D12: 5 | E12: =D12*VLOOKUP(A12,Nhập入库!A:N,8,FALSE) -> 65 | G12: Bội Anh 倍英 | H12: Dũng 阿勇 | I12: 45948 | J12: 0.55763889
A13: =VLOOKUP($C13,SKU!$A:$I,3,FALSE) -> 10022 | B13: =VLOOKUP($C13,SKU!$A:$I,2,FALSE) -> 【耀光·美少女战士】长卡卡砖 | C13: Sailor Shining | D13: 10 | E13: =D13*VLOOKUP(A13,Nhập入库!A:N,8,FALSE) -> 80 | G13: Thùy 阿锤 | H13: Dũng 阿勇 | I13: 45948 | J13: 0.55763889
A14: =VLOOKUP($C14,SKU!$A:$I,3,FALSE) -> 10021 | B14: =VLOOKUP($C14,SKU!$A:$I,2,FALSE) -> 新谷动漫名侦探柯南·仲夏夜之恋邮票集 | C14: Shingu Conan phiếu tem | D14: 5 | E14: =D14*VLOOKUP(A14,Nhập入库!A:N,8,FALSE) -> 25 | G14: Phương 小芳 | H14: Tum 阿庄 | I14: 45948 | J14: 0.69583333
A15: =VLOOKUP($C15,SKU!$A:$I,3,FALSE) -> 10028 | B15: =VLOOKUP($C15,SKU!$A:$I,2,FALSE) -> 潮玩咔原神 尘世收藏卡 | C15: Trendy Toyka Genshin | D15: 5 | E15: =D15*VLOOKUP(A15,Nhập入库!A:N,8,FALSE) -> 65 | G15: Như 小如 | H15: Tum 阿庄 | I15: 45948 | J15: 0.71736111
A16: =VLOOKUP($C16,SKU!$A:$I,3,FALSE) -> 10021 | B16: =VLOOKUP($C16,SKU!$A:$I,2,FALSE) -> 新谷动漫名侦探柯南·仲夏夜之恋邮票集 | C16: Shingu Conan phiếu tem | D16: 6 | E16: =D16*VLOOKUP(A16,Nhập入库!A:N,8,FALSE) -> 30 | G16: Vi 小薇 | H16: Hoàng Oanh黄莹 | I16: 45948 | J16: 0.75486111
A17: =VLOOKUP($C17,SKU!$A:$I,3,FALSE) -> 10021 | B17: =VLOOKUP($C17,SKU!$A:$I,2,FALSE) -> 新谷动漫名侦探柯南·仲夏夜之恋邮票集 | C17: Shingu Conan phiếu tem | D17: 5 | E17: =D17*VLOOKUP(A17,Nhập入库!A:N,8,FALSE) -> 25 | G17: Mimi | H17: Trà My 茶梅 | I17: 45948 | J17: 0.76111111
A18: =VLOOKUP($C18,SKU!$A:$I,3,FALSE) -> 10013 | B18: =VLOOKUP($C18,SKU!$A:$I,2,FALSE) -> 皇卡 × 鬼灭《血月之契》篇决战无限城收藏卡 | C18: Kny Hoàng Card | D18: 5 | E18: =D18*VLOOKUP(A18,Nhập入库!A:N,8,FALSE) -> 60 | G18: Vi 小薇 | H18: Hoàng Oanh黄莹 | I18: 45948 | J18: 0.94861111
... A48: =VLOOKUP($C48,SKU!$A:$I,3,FALSE) -> 10005 | B48: =VLOOKUP($C48,SKU!$A:$I,2,FALSE) -> 椿柚文创宫崎骏 被风吹散的秘密邮票第一弹 | C48: Gibli Wind | D48: 20 | E48: =D48*VLOOKUP(A48,Nhập入库!A:N,8,FALSE) -> 20 | G48: Zenex | H48: Hoàng 范范 | I48: 45947 | J48: 0.79583333
A49: =VLOOKUP($C49,SKU!$A:$I,3,FALSE) -> 10039 | B49: =VLOOKUP($C49,SKU!$A:$I,2,FALSE) -> 非凡航海王第五弹 | C49: OP Phi Phàm | D49: =48*3 -> 144 | E49: =D49*VLOOKUP(A49,Nhập入库!A:N,8,FALSE) -> 2880 | G49: Zenex | H49: Hoàng 范范 | I49: 45949 | J49: 0.88888889
A50: =VLOOKUP($C50,SKU!$A:$I,3,FALSE) -> 10023 | B50: =VLOOKUP($C50,SKU!$A:$I,2,FALSE) -> 风信文创尘世相逢之约星光来信原神邮票第一弹 | C50: Tinh quang Genshin | D50: 20 | E50: =D50*VLOOKUP(A50,Nhập入库!A:N,8,FALSE) -> 20 | G50: Zenex | H50: Kiều Anh侨英 | I50: 45951 | J50: 0.84236111
A51: =VLOOKUP($C51,SKU!$A:$I,3,FALSE) -> 10013 | B51: =VLOOKUP($C51,SKU!$A:$I,2,FALSE) -> 皇卡 × 鬼灭《血月之契》篇决战无限城收藏卡 | C51: Kny Hoàng Card | D51: 5 | E51: =D51*VLOOKUP(A51,Nhập入库!A:N,8,FALSE) -> 60 | G51: Như 小如 | H51: Tum 阿庄 | I51: 45951 | J51: 0.87916667
A52: =VLOOKUP($C52,SKU!$A:$I,3,FALSE) -> 10013 | B52: =VLOOKUP($C52,SKU!$A:$I,2,FALSE) -> 皇卡 × 鬼灭《血月之契》篇决战无限城收藏卡 | C52: Kny Hoàng Card | D52: 5 | E52: =D52*VLOOKUP(A52,Nhập入库!A:N,8,FALSE) -> 60 | G52: Như 小如 | H52: Tum 阿庄 | I52: 45951 | J52: 0.9
A53: =VLOOKUP($C53,SKU!$A:$I,3,FALSE) -> 10023 | B53: =VLOOKUP($C53,SKU!$A:$I,2,FALSE) -> 风信文创尘世相逢之约星光来信原神邮票第一弹 | C53: Tinh quang Genshin | D53: 40 | E53: =D53*VLOOKUP(A53,Nhập入库!A:N,8,FALSE) -> 40 | G53: Bội Anh 倍英 | H53: Dũng 阿勇 | I53: 2025.10.22 | J53: 0.39027778
A54: =VLOOKUP($C54,SKU!$A:$I,3,FALSE) -> 10017 | B54: =VLOOKUP($C54,SKU!$A:$I,2,FALSE) -> 梦境-美少女战士第一弹 | C54: Mộng cảnh Sailor Moon | D54: 5 | E54: =D54*VLOOKUP(A54,Nhập入库!A:N,8,FALSE) -> 65 | G54: Thùy 阿锤 | H54: Dũng 阿勇 | I54: 2025.10.16 | J54: 0.68888889
A55: =VLOOKUP($C55,SKU!$A:$I,3,FALSE) -> 10017 | B55: =VLOOKUP($C55,SKU!$A:$I,2,FALSE) -> 梦境-美少女战士第一弹 | C55: Mộng cảnh Sailor Moon | D55: 5 | E55: =D55*VLOOKUP(A55,Nhập入库!A:N,8,FALSE) -> 65 | G55: Thùy 阿锤 | H55: Dũng 阿勇 | I55: 45947 | J55: 0.43888889
A56: =VLOOKUP($C56,SKU!$A:$I,3,FALSE) -> 10035 | B56: =VLOOKUP($C56,SKU!$A:$I,2,FALSE) -> KK CARD × 新海诚系列第一弹 | C56: KK card Shinkai Makoto vol 1 | D56: 5 | E56: =D56*VLOOKUP(A56,Nhập入库!A:N,8,FALSE) -> 70 | G56: Thùy 阿锤 | H56: Dũng 阿勇 | I56: 45947 | J56: 0.85555556
A57: =VLOOKUP($C57,SKU!$A:$I,3,FALSE) -> 10026 | B57: =VLOOKUP($C57,SKU!$A:$I,2,FALSE) -> 星恋文创·恋与深空《晦明交错之间》亚克力相框卡 | C57: Hải Minh LnD | D57: 100 | E57: =D57*VLOOKUP(A57,Nhập入库!A:N,8,FALSE) -> 100 | G57: Thành Đạt 成达 | H57: Dũng 阿勇 | I57: 45947 | J57: 0.89722222
A58: =VLOOKUP($C58,SKU!$A:$I,3,FALSE) -> 10011 | B58: =VLOOKUP($C58,SKU!$A:$I,2,FALSE) -> 灿卡文创宫崎骏第二弹《花涧物语》 | C58: Gibli Hoa | D58: 15 | E58: =D58*VLOOKUP(A58,Nhập入库!A:N,8,FALSE) -> 195 | G58: Thanh 阿青 | H58: Hoàng Oanh黄莹 | I58: 2025.10.16 | J58: 0.83194444
A59: =VLOOKUP($C59,SKU!$A:$I,3,FALSE) -> 10044 | B59: =VLOOKUP($C59,SKU!$A:$I,2,FALSE) -> 源宇宙原神.空月の歌·周边CD票根邮票组合套装 | C59: Source University Genshin thẻ CD | D59: 20 | E59: =D59*VLOOKUP(A59,Nhập入库!A:N,8,FALSE) -> 20 | G59: Bội Anh 倍英 | H59: Dũng 阿勇 | I59: 2025.10.22 | J59: 0.54722222
A60: =VLOOKUP($C60,SKU!$A:$I,3,FALSE) -> 10011 | B60: =VLOOKUP($C60,SKU!$A:$I,2,FALSE) -> 灿卡文创宫崎骏第二弹《花涧物语》 | C60: Gibli Hoa | D60: 5 | E60: =D60*VLOOKUP(A60,Nhập入库!A:N,8,FALSE) -> 65 | G60: Thành Đạt 成达 | H60: Dũng 阿勇 | I60: 2025.10.22 | J60: 0.47638889
A61: =VLOOKUP($C61,SKU!$A:$I,3,FALSE) -> 10031 | B61: =VLOOKUP($C61,SKU!$A:$I,2,FALSE) -> 胜卡文创x魔道祖师云深不忘邮票评级卡砖 | C61: SK MĐTS phiếu tem | D61: 5 | E61: =D61*VLOOKUP(A61,Nhập入库!A:N,8,FALSE) -> 50 | G61: Thùy 阿锤 | H61: Dũng 阿勇 | I61: 2025.10.22 | J61: 0.48194444
A62: =VLOOKUP($C62,SKU!$A:$I,3,FALSE) -> 10031 | B62: =VLOOKUP($C62,SKU!$A:$I,2,FALSE) -> 胜卡文创x魔道祖师云深不忘邮票评级卡砖 | C62: SK MĐTS phiếu tem | D62: 2 | E62: =D62*VLOOKUP(A62,Nhập入库!A:N,8,FALSE) -> 20 | G62: Thùy 阿锤 | H62: Dũng 阿勇 | I62: 2025.10.22 | J62: 0.56527778
A63: =VLOOKUP($C63,SKU!$A:$I,3,FALSE) -> 10031 | B63: =VLOOKUP($C63,SKU!$A:$I,2,FALSE) -> 胜卡文创x魔道祖师云深不忘邮票评级卡砖 | C63: SK MĐTS phiếu tem | D63: 12 | E63: =D63*VLOOKUP(A63,Nhập入库!A:N,8,FALSE) -> 120 | G63: Thùy 阿锤 | H63: Dũng 阿勇 | I63: 2025.10.22 | J63: 0.60138889
A64: =VLOOKUP($C64,SKU!$A:$I,3,FALSE) -> 10006 | B64: =VLOOKUP($C64,SKU!$A:$I,2,FALSE) -> 云映文化「云之境の夏」第二弹·宫崎骏珍藏卡牌 | C64: Mây và Hạ | D64: 5 | E64: =D64*VLOOKUP(A64,Nhập入库!A:N,8,FALSE) -> 65 | G64: Hà 小河 | H64: Trà My 茶梅 | I64: 2025.10.22 | J64: 0.57986111
A65: =VLOOKUP($C65,SKU!$A:$I,3,FALSE) -> 10007 | B65: =VLOOKUP($C65,SKU!$A:$I,2,FALSE) -> kawaii宫崎骏梦幻之国 | C65: Kawaii Gibli | D65: 10 | E65: =D65*VLOOKUP(A65,Nhập入库!A:N,8,FALSE) -> 130 | G65: Mimi | H65: Trà My 茶梅 | I65: 2025.10.22 | J65: 0.60138889
A66: =VLOOKUP($C66,SKU!$A:$I,3,FALSE) -> 10017 | B66: =VLOOKUP($C66,SKU!$A:$I,2,FALSE) -> 梦境-美少女战士第一弹 | C66: Mộng cảnh Sailor Moon | D66: 5 | E66: =D66*VLOOKUP(A66,Nhập入库!A:N,8,FALSE) -> 65 | G66: Vi 小薇 | H66: Hoàng Oanh黄莹 | I66: 45949 | J66: 0.91875
A67: =VLOOKUP($C67,SKU!$A:$I,3,FALSE) -> 10012 | B67: =VLOOKUP($C67,SKU!$A:$I,2,FALSE) -> 卡文化进击的巨人 | C67: Attack on Titan | D67: 5 | E67: =D67*VLOOKUP(A67,Nhập入库!A:N,8,FALSE) -> 150 | G67: Như 小如 | H67: Tum 阿庄 | I67: 2025.10.22 | J67: 0.81458333
A68: =VLOOKUP($C68,SKU!$A:$I,3,FALSE) -> 10003 | B68: =VLOOKUP($C68,SKU!$A:$I,2,FALSE) -> DUO米全新出品鬼灭之刃-柱合会议篇第二弹 | C68: DUO Kyn | D68: 5 | E68: =D68*VLOOKUP(A68,Nhập入库!A:N,8,FALSE) -> 65 | G68: Như 小如 | H68: Tum 阿庄 | I68: 2025.10.22 | J68: 0.81597222
A69: =VLOOKUP($C69,SKU!$A:$I,3,FALSE) -> 10006 | B69: =VLOOKUP($C69,SKU!$A:$I,2,FALSE) -> 云映文化「云之境の夏」第二弹·宫崎骏珍藏卡牌 | C69: Mây và Hạ | D69: 5 | E69: =D69*VLOOKUP(A69,Nhập入库!A:N,8,FALSE) -> 65 | G69: Phương 小芳 | H69: Tum 阿庄 | I69: 2025.10.22 | J69: 0.96180556
A70: =VLOOKUP($C70,SKU!$A:$I,3,FALSE) -> 10006 | B70: =VLOOKUP($C70,SKU!$A:$I,2,FALSE) -> 云映文化「云之境の夏」第二弹·宫崎骏珍藏卡牌 | C70: Mây và Hạ | D70: 5 | E70: =D70*VLOOKUP(A70,Nhập入库!A:N,8,FALSE) -> 65 | G70: Vi 小薇 | H70: Hoàng Oanh黄莹 | I70: 2025.10.22 | J70: 0.97569444
A71: =VLOOKUP($C71,SKU!$A:$I,3,FALSE) -> 10025 | B71: =VLOOKUP($C71,SKU!$A:$I,2,FALSE) -> 君屹文化耽美古风收藏新纪元《言辞忆梦》撕撕乐 | C71: Quân sơn TQTP | D71: 150 | E71: =D71*VLOOKUP(A71,Nhập入库!A:N,8,FALSE) -> 150 | G71: Thùy 阿锤 | H71: Dũng 阿勇 | I71: 2025.10.23 | J71: 0.37013889
A72: =VLOOKUP($C72,SKU!$A:$I,3,FALSE) -> 10045 | B72: =VLOOKUP($C72,SKU!$A:$I,2,FALSE) -> 名侦探柯南谜层交错 | C72: Conan lập thể | D72: 20 | E72: =D72*VLOOKUP(A72,Nhập入库!A:N,8,FALSE) -> 20 | G72: Bội Anh 倍英 | H72: Dũng 阿勇 | I72: 2025.10.23 | J72: 0.37013889
A73: =VLOOKUP($C73,SKU!$A:$I,3,FALSE) -> 10039 | B73: =VLOOKUP($C73,SKU!$A:$I,2,FALSE) -> 非凡航海王第五弹 | C73: OP Phi Phàm | D73: 5 | E73: =D73*VLOOKUP(A73,Nhập入库!A:N,8,FALSE) -> 100 | G73: Mimi | H73: Trà My 茶梅 | I73: 2025.10.23 | J73: 0.37708333
A74: =VLOOKUP($C74,SKU!$A:$I,3,FALSE) -> 10045 | B74: =VLOOKUP($C74,SKU!$A:$I,2,FALSE) -> 名侦探柯南谜层交错 | C74: Conan lập thể | D74: 20 | E74: =D74*VLOOKUP(A74,Nhập入库!A:N,8,FALSE) -> 20 | G74: Bội Anh 倍英 | H74: Dũng 阿勇 | I74: 2025.10.23 | J74: 0.40069444
A75: =VLOOKUP($C75,SKU!$A:$I,3,FALSE) -> 10016 | B75: =VLOOKUP($C75,SKU!$A:$I,2,FALSE) -> 思梨普文创《hey!国王陛下》集换式艺术家典藏卡 | C75: Quàng Thượng | D75: 5 | E75: =D75*VLOOKUP(A75,Nhập入库!A:N,8,FALSE) -> 50 | G75: Thùy 阿锤 | H75: Dũng 阿勇 | I75: 2025.10.23
A76: =VLOOKUP($C76,SKU!$A:$I,3,FALSE) -> 10003 | B76: =VLOOKUP($C76,SKU!$A:$I,2,FALSE) -> DUO米全新出品鬼灭之刃-柱合会议篇第二弹 | C76: DUO Kyn | D76: 5 | E76: =D76*VLOOKUP(A76,Nhập入库!A:N,8,FALSE) -> 65 | G76: Mimi | H76: Trà My 茶梅 | I76: 2025.10.23 | J76: 0.43819444
A77: =VLOOKUP($C77,SKU!$A:$I,3,FALSE) -> 10003 | B77: =VLOOKUP($C77,SKU!$A:$I,2,FALSE) -> DUO米全新出品鬼灭之刃-柱合会议篇第二弹 | C77: DUO Kyn | D77: 5 | E77: =D77*VLOOKUP(A77,Nhập入库!A:N,8,FALSE) -> 65 | G77: Hà 小河 | H77: Trà My 茶梅 | I77: 2025.10.23 | J77: 0.45902778
A78: =VLOOKUP($C78,SKU!$A:$I,3,FALSE) -> 10021 | B78: =VLOOKUP($C78,SKU!$A:$I,2,FALSE) -> 新谷动漫名侦探柯南·仲夏夜之恋邮票集 | C78: Shingu Conan phiếu tem | D78: 5 | E78: =D78*VLOOKUP(A78,Nhập入库!A:N,8,FALSE) -> 25 | G78: Mimi | H78: Trà My 茶梅 | I78: 2025.10.23 | J78: 0.54722222
A79: =VLOOKUP($C79,SKU!$A:$I,3,FALSE) -> 10034 | B79: =VLOOKUP($C79,SKU!$A:$I,2,FALSE) -> 兰亭文创x墨家三宝典藏色纸砚池春深系列 | C79: Lan Đình A6 tổng hợp | D79: 40 | E79: =D79*VLOOKUP(A79,Nhập入库!A:N,8,FALSE) -> 40 | G79: Thanh 阿青 | H79: Hoàng Oanh黄莹 | I79: 2025.10.23 | J79: 0.75208333
A80: =VLOOKUP($C80,SKU!$A:$I,3,FALSE) -> 10013 | B80: =VLOOKUP($C80,SKU!$A:$I,2,FALSE) -> 皇卡 × 鬼灭《血月之契》篇决战无限城收藏卡 | C80: Kny Hoàng Card | D80: 3 | E80: =D80*VLOOKUP(A80,Nhập入库!A:N,8,FALSE) -> 36 | G80: Như 小如 | H80: Tum 阿庄 | I80: 2025.10.23 | J80: 0.78333333
A81: =VLOOKUP($C81,SKU!$A:$I,3,FALSE) -> 10021 | B81: =VLOOKUP($C81,SKU!$A:$I,2,FALSE) -> 新谷动漫名侦探柯南·仲夏夜之恋邮票集 | C81: Shingu Conan phiếu tem | D81: 5 | E81: =D81*VLOOKUP(A81,Nhập入库!A:N,8,FALSE) -> 25 | G81: Phương 小芳 | H81: Tum 阿庄 | I81: 2025.10.23 | J81: 0.95555556
A82: =VLOOKUP($C82,SKU!$A:$I,3,FALSE) -> 10033 | B82: =VLOOKUP($C82,SKU!$A:$I,2,FALSE) -> 慕光文创「一千次心动」系列撕撕乐 | C82: LnD thẻ xé Ngàn lần động tâm | D82: 20 | E82: =D82*VLOOKUP(A82,Nhập入库!A:N,8,FALSE) -> 20 | G82: Thành Đạt 成达 | H82: Dũng 阿勇 | I82: 2025.10.24 | J82: 0.39930556
A83: =VLOOKUP($C83,SKU!$A:$I,3,FALSE) -> 10013 | B83: =VLOOKUP($C83,SKU!$A:$I,2,FALSE) -> 皇卡 × 鬼灭《血月之契》篇决战无限城收藏卡 | C83: Kny Hoàng Card | E83: =D83*VLOOKUP(A83,Nhập入库!A:N,8,FALSE) -> 0 | F83: 44 | G83: Thu Giang秋江 | H83: Huệ 氏惠 | I83: 2025.10.24 | J83: 0.39930556
A84: =VLOOKUP($C84,SKU!$A:$I,3,FALSE) -> 10003 | B84: =VLOOKUP($C84,SKU!$A:$I,2,FALSE) -> DUO米全新出品鬼灭之刃-柱合会议篇第二弹 | C84: DUO Kyn | D84: 5 | E84: =D84*VLOOKUP(A84,Nhập入库!A:N,8,FALSE) -> 65 | G84: Thu Giang秋江 | H84: Huệ 氏惠 | I84: 2025.10.24 | J84: 0.39930556
A85: =VLOOKUP($C85,SKU!$A:$I,3,FALSE) -> 10026 | B85: =VLOOKUP($C85,SKU!$A:$I,2,FALSE) -> 星恋文创·恋与深空《晦明交错之间》亚克力相框卡 | C85: Hải Minh LnD | D85: 20 | E85: =D85*VLOOKUP(A85,Nhập入库!A:N,8,FALSE) -> 20 | G85: Thu Giang秋江 | H85: Huệ 氏惠 | I85: 2025.10.24 | J85: 0.41666667
A86: =VLOOKUP($C86,SKU!$A:$I,3,FALSE) -> 10033 | B86: =VLOOKUP($C86,SKU!$A:$I,2,FALSE) -> 慕光文创「一千次心动」系列撕撕乐 | C86: LnD thẻ xé Ngàn lần động tâm | D86: 21 | E86: =D86*VLOOKUP(A86,Nhập入库!A:N,8,FALSE) -> 21 | G86: Thành Đạt 成达 | H86: Hoàng 范范 | I86: 2025.10.24 | J86: 0.42847222
A87: =VLOOKUP($C87,SKU!$A:$I,3,FALSE) -> 10040 | B87: =VLOOKUP($C87,SKU!$A:$I,2,FALSE) -> 酷卡文化-线条小狗3弹 | C87: Kuka Maltese | D87: 5 | E87: =D87*VLOOKUP(A87,Nhập入库!A:N,8,FALSE) -> 55 | G87: Zenex | H87: Kiều Anh侨英 | I87: 2025.10.22 | J87: 0.82430556
A88: =VLOOKUP($C88,SKU!$A:$I,3,FALSE) -> 10043 | B88: =VLOOKUP($C88,SKU!$A:$I,2,FALSE) -> 光恋XR-披荆斩棘-美少女战士 | C88: XR Sailor Moon | D88: 10 | E88: =D88*VLOOKUP(A88,Nhập入库!A:N,8,FALSE) -> 130 | G88: Thùy 阿锤 | H88: Dũng 阿勇 | I88: 2025.10.24 | J88: 0.55347222
A89: =VLOOKUP($C89,SKU!$A:$I,3,FALSE) -> 10024 | B89: =VLOOKUP($C89,SKU!$A:$I,2,FALSE) -> 漫影工作室-柯南-A5 大卡第一弹 | C89: Conan đám cưới A5 vol 1 | D89: 10 | E89: =D89*VLOOKUP(A89,Nhập入库!A:N,8,FALSE) -> 10 | G89: Mimi | H89: Trà My 茶梅 | I89: 2025.10.24 | J89: 0.42847222
A90: =VLOOKUP($C90,SKU!$A:$I,3,FALSE) -> 10034 | B90: =VLOOKUP($C90,SKU!$A:$I,2,FALSE) -> 兰亭文创x墨家三宝典藏色纸砚池春深系列 | C90: Lan Đình A6 tổng hợp | D90: 60 | E90: =D90*VLOOKUP(A90,Nhập入库!A:N,8,FALSE) -> 60 | G90: Thanh 阿青 | H90: Hoàng Oanh黄莹 | I90: 2025.10.24 | J90: 0.81805556
A91: =VLOOKUP($C91,SKU!$A:$I,3,FALSE) -> 10007 | B91: =VLOOKUP($C91,SKU!$A:$I,2,FALSE) -> kawaii宫崎骏梦幻之国 | C91: Kawaii Gibli | D91: 5 | E91: =D91*VLOOKUP(A91,Nhập入库!A:N,8,FALSE) -> 65 | G91: Phương 小芳 | H91: Tum 阿庄 | I91: 2025.10.24 | J91: 0.88680556
A92: =VLOOKUP($C92,SKU!$A:$I,3,FALSE) -> 10003 | B92: =VLOOKUP($C92,SKU!$A:$I,2,FALSE) -> DUO米全新出品鬼灭之刃-柱合会议篇第二弹 | C92: DUO Kyn | D92: 5 | E92: =D92*VLOOKUP(A92,Nhập入库!A:N,8,FALSE) -> 65 | G92: Vi 小薇 | H92: Hoàng Oanh黄莹 | I92: 2025.10.24 | J92: 0.88888889
A93: =VLOOKUP($C93,SKU!$A:$I,3,FALSE) -> 10006 | B93: =VLOOKUP($C93,SKU!$A:$I,2,FALSE) -> 云映文化「云之境の夏」第二弹·宫崎骏珍藏卡牌 | C93: Mây và Hạ | D93: 5 | E93: =D93*VLOOKUP(A93,Nhập入库!A:N,8,FALSE) -> 65 | G93: Như 小如 | H93: Tum 阿庄 | I93: 2025.10.24 | J93: 0.0090277778
A94: =VLOOKUP($C94,SKU!$A:$I,3,FALSE) -> 10015 | B94: =VLOOKUP($C94,SKU!$A:$I,2,FALSE) -> 梦绘文创-宫崎骏第二弹 | C94: MH Gibli | D94: 5 | E94: =D94*VLOOKUP(A94,Nhập入库!A:N,8,FALSE) -> 60 | G94: Hoàng Anh黄英 | H94: Kiều Anh侨英 | I94: 2025.10.25 | J94: 0.74861111
A95: =VLOOKUP($C95,SKU!$A:$I,3,FALSE) -> 10039 | B95: =VLOOKUP($C95,SKU!$A:$I,2,FALSE) -> 非凡航海王第五弹 | C95: OP Phi Phàm | D95: 5 | E95: =D95*VLOOKUP(A95,Nhập入库!A:N,8,FALSE) -> 100 | G95: Hoàng Anh黄英 | H95: Kiều Anh侨英 | I95: 2025.10.25 | J95: 0.74861111
... A109: =VLOOKUP($C109,SKU!$A:$I,3,FALSE) -> 10044 | B109: =VLOOKUP($C109,SKU!$A:$I,2,FALSE) -> 源宇宙原神.空月の歌·周边CD票根邮票组合套装 | C109: Source University Genshin thẻ CD | D109: 10 | E109: =D109*VLOOKUP(A109,Nhập入库!A:N,8,FALSE) -> 10 | G109: Như 小如 | H109: Tum 阿庄 | I109: 2025.10.26 | J109: 0.75069444
A110: =VLOOKUP($C110,SKU!$A:$I,3,FALSE) -> 10003 | B110: =VLOOKUP($C110,SKU!$A:$I,2,FALSE) -> DUO米全新出品鬼灭之刃-柱合会议篇第二弹 | C110: DUO Kyn | D110: 4 | E110: =D110*VLOOKUP(A110,Nhập入库!A:N,8,FALSE) -> 52 | F110: 33 | G110: Như 小如 | H110: Tum 阿庄 | I110: 2025.10.26 | J110: 0.78263889
A111: =VLOOKUP($C111,SKU!$A:$I,3,FALSE) -> 10044 | B111: =VLOOKUP($C111,SKU!$A:$I,2,FALSE) -> 源宇宙原神.空月の歌·周边CD票根邮票组合套装 | C111: Source University Genshin thẻ CD | D111: 10 | E111: =D111*VLOOKUP(A111,Nhập入库!A:N,8,FALSE) -> 10 | G111: Như 小如 | H111: Tum 阿庄 | I111: 2025.10.26 | J111: 0.87638889
A112: =VLOOKUP($C112,SKU!$A:$I,3,FALSE) -> 10044 | B112: =VLOOKUP($C112,SKU!$A:$I,2,FALSE) -> 源宇宙原神.空月の歌·周边CD票根邮票组合套装 | C112: Source University Genshin thẻ CD | D112: 13 | E112: =D112*VLOOKUP(A112,Nhập入库!A:N,8,FALSE) -> 13 | G112: Như 小如 | H112: Tum 阿庄 | I112: 2025.10.26 | J112: 0.91180556
A113: =VLOOKUP($C113,SKU!$A:$I,3,FALSE) -> 10010 | B113: =VLOOKUP($C113,SKU!$A:$I,2,FALSE) -> 玩的入迷-魔卡少女樱第一弹—樱之绮遇 | C113: Wamder Roaming Sakura | D113: 5 | E113: =D113*VLOOKUP(A113,Nhập入库!A:N,8,FALSE) -> 65 | F113: 24 | G113: Thanh 阿青 | H113: Hoàng Oanh黄莹 | I113: 2025.10.26 | J113: 0.97430556
A114: =VLOOKUP($C114,SKU!$A:$I,3,FALSE) -> 10020 | B114: =VLOOKUP($C114,SKU!$A:$I,2,FALSE) -> 集卡社小樱 | C114: Sakura Card Fun | D114: 5 | E114: =D114*VLOOKUP(A114,Nhập入库!A:N,8,FALSE) -> 80 | G114: Hà 小河 | H114: Trà My 茶梅 | I114: 2025.10.26 | J114: 0.375
A115: =VLOOKUP($C115,SKU!$A:$I,3,FALSE) -> 10017 | B115: =VLOOKUP($C115,SKU!$A:$I,2,FALSE) -> 梦境-美少女战士第一弹 | C115: Mộng cảnh Sailor Moon | D115: 5 | E115: =D115*VLOOKUP(A115,Nhập入库!A:N,8,FALSE) -> 65 | G115: Hà 小河 | H115: Trà My 茶梅 | I115: 2025.10.26 | J115: 0.375
A116: =VLOOKUP($C116,SKU!$A:$I,3,FALSE) -> 10008 | B116: =VLOOKUP($C116,SKU!$A:$I,2,FALSE) -> XWork美少女战士-璀璨之梦 | C116: X work Sailor Moon | D116: 5 | E116: =D116*VLOOKUP(A116,Nhập入库!A:N,8,FALSE) -> 50 | G116: Thùy 阿锤 | H116: Dũng 阿勇 | I116: 2025.10.28 | J116: 0.39027778
A117: =VLOOKUP($C117,SKU!$A:$I,3,FALSE) -> 10003 | B117: =VLOOKUP($C117,SKU!$A:$I,2,FALSE) -> DUO米全新出品鬼灭之刃-柱合会议篇第二弹 | C117: DUO Kyn | D117: 2 | E117: =D117*VLOOKUP(A117,Nhập入库!A:N,8,FALSE) -> 26 | G117: Mimi | H117: Trà My 茶梅 | I117: 2025.10.25 | J117: 0.375
A118: =VLOOKUP($C118,SKU!$A:$I,3,FALSE) -> 10044 | B118: =VLOOKUP($C118,SKU!$A:$I,2,FALSE) -> 源宇宙原神.空月の歌·周边CD票根邮票组合套装 | C118: Source University Genshin thẻ CD | D118: 1 | E118: =D118*VLOOKUP(A118,Nhập入库!A:N,8,FALSE) -> 1 | G118: Mimi | H118: Trà My 茶梅 | I118: 2025.10.27 | J118: 0.41666667
A119: =VLOOKUP($C119,SKU!$A:$I,3,FALSE) -> 10045 | B119: =VLOOKUP($C119,SKU!$A:$I,2,FALSE) -> 名侦探柯南谜层交错 | C119: Conan lập thể | D119: 10 | E119: =D119*VLOOKUP(A119,Nhập入库!A:N,8,FALSE) -> 10 | G119: Mimi | H119: Trà My 茶梅 | I119: 2025.10.27 | J119: 0.41666667
A120: =VLOOKUP($C120,SKU!$A:$I,3,FALSE) -> 10045 | B120: =VLOOKUP($C120,SKU!$A:$I,2,FALSE) -> 名侦探柯南谜层交错 | C120: Conan lập thể | D120: 20 | E120: =D120*VLOOKUP(A120,Nhập入库!A:N,8,FALSE) -> 20 | G120: Bội Anh 倍英 | H120: Dũng 阿勇 | I120: 2025.10.28 | J120: 0.58958333
A121: =VLOOKUP($C121,SKU!$A:$I,3,FALSE) -> 10003 | B121: =VLOOKUP($C121,SKU!$A:$I,2,FALSE) -> DUO米全新出品鬼灭之刃-柱合会议篇第二弹 | C121: DUO Kyn | E121: =D121*VLOOKUP(A121,Nhập入库!A:N,8,FALSE) -> 0 | F121: 15 | G121: Hà 小河 | H121: Trà My 茶梅 | I121: 2025.10.28 | J121: 0.58333333
A122: =VLOOKUP($C122,SKU!$A:$I,3,FALSE) -> 10021 | B122: =VLOOKUP($C122,SKU!$A:$I,2,FALSE) -> 新谷动漫名侦探柯南·仲夏夜之恋邮票集 | C122: Shingu Conan phiếu tem | E122: =D122*VLOOKUP(A122,Nhập入库!A:N,8,FALSE) -> 0 | F122: 1 | G122: Vi 小薇 | H122: Hoàng Oanh黄莹 | I122: 2025.10.28 | J122: 0.99097222
A123: =VLOOKUP($C123,SKU!$A:$I,3,FALSE) -> 10003 | B123: =VLOOKUP($C123,SKU!$A:$I,2,FALSE) -> DUO米全新出品鬼灭之刃-柱合会议篇第二弹 | C123: DUO Kyn | D123: 1 | E123: =D123*VLOOKUP(A123,Nhập入库!A:N,8,FALSE) -> 13 | G123: Vi 小薇 | H123: Hoàng Oanh黄莹 | I123: 2025.10.28 | J123: 0.99097222
A124: =VLOOKUP($C124,SKU!$A:$I,3,FALSE) -> 10009 | B124: =VLOOKUP($C124,SKU!$A:$I,2,FALSE) -> 万画云游三丽鸥家族百变cos收藏卡 | C124: Vancard Sanrio | D124: 6 | E124: =D124*VLOOKUP(A124,Nhập入库!A:N,8,FALSE) -> 60 | G124: Thùy 阿锤 | H124: Dũng 阿勇 | I124: 2025.10.29 | J124: 0.38541667
A125: =VLOOKUP($C125,SKU!$A:$I,3,FALSE) -> 10039 | B125: =VLOOKUP($C125,SKU!$A:$I,2,FALSE) -> 非凡航海王第五弹 | C125: OP Phi Phàm | D125: 5 | E125: =D125*VLOOKUP(A125,Nhập入库!A:N,8,FALSE) -> 100 | G125: Khoa 科 | H125: Huệ 氏惠 | I125: 2025.10.29 | J125: 0.38541667
A126: =VLOOKUP($C126,SKU!$A:$I,3,FALSE) -> 10040 | B126: =VLOOKUP($C126,SKU!$A:$I,2,FALSE) -> 酷卡文化-线条小狗3弹 | C126: Kuka Maltese | D126: 5 | E126: =D126*VLOOKUP(A126,Nhập入库!A:N,8,FALSE) -> 55 | G126: Thùy 阿锤 | H126: Dũng 阿勇 | I126: 2025.10.29 | J126: 0.40972222
A127: =VLOOKUP($C127,SKU!$A:$I,3,FALSE) -> 10014 | B127: =VLOOKUP($C127,SKU!$A:$I,2,FALSE) -> 星梦文创-Studio Ghibli宫崎骏撕撕乐系列 | C127: Tinh Mộng Gibli thẻ xé | D127: 20 | E127: =D127*VLOOKUP(A127,Nhập入库!A:N,8,FALSE) -> 60 | G127: Khoa 科 | H127: Huệ 氏惠 | I127: 2025.10.29 | J127: 0.40972222
A128: =VLOOKUP($C128,SKU!$A:$I,3,FALSE) -> 10004 | B128: =VLOOKUP($C128,SKU!$A:$I,2,FALSE) -> 初见花海咒术回战第一弹 | C128: Jujutsu vol 1 | D128: 20 | E128: =D128*VLOOKUP(A128,Nhập入库!A:N,8,FALSE) -> 20 | G128: Khoa 科 | H128: Huệ 氏惠 | I128: 2025.10.29 | J128: 0.41319444
A129: =VLOOKUP($C129,SKU!$A:$I,3,FALSE) -> 10014 | B129: =VLOOKUP($C129,SKU!$A:$I,2,FALSE) -> 星梦文创-Studio Ghibli宫崎骏撕撕乐系列 | C129: Tinh Mộng Gibli thẻ xé | D129: 20 | E129: =D129*VLOOKUP(A129,Nhập入库!A:N,8,FALSE) -> 60 | G129: Trường vũ 长宇 | H129: Huệ 氏惠 | I129: 2025.10.29 | J129: 0.41319444
A130: =VLOOKUP($C130,SKU!$A:$I,3,FALSE) -> 10004 | B130: =VLOOKUP($C130,SKU!$A:$I,2,FALSE) -> 初见花海咒术回战第一弹 | C130: Jujutsu vol 1 | D130: 20 | E130: =D130*VLOOKUP(A130,Nhập入库!A:N,8,FALSE) -> 20 | G130: Trường vũ 长宇 | H130: Huệ 氏惠 | I130: 2025.10.29 | J130: 0.41319444
A131: =VLOOKUP($C131,SKU!$A:$I,3,FALSE) -> 10001 | B131: =VLOOKUP($C131,SKU!$A:$I,2,FALSE) -> 《东株社》宝可梦水晶砖 | C131: Pokemon | D131: 5 | E131: =D131*VLOOKUP(A131,Nhập入库!A:N,8,FALSE) -> 5 | G131: Minh Thư 明书 | H131: Huệ 氏惠 | I131: 2025.10.29 | J131: 0.41319444
A132: =VLOOKUP($C132,SKU!$A:$I,3,FALSE) -> 10015 | B132: =VLOOKUP($C132,SKU!$A:$I,2,FALSE) -> 梦绘文创-宫崎骏第二弹 | C132: MH Gibli | D132: 5 | E132: =D132*VLOOKUP(A132,Nhập入库!A:N,8,FALSE) -> 60 | G132: Thành Đạt 成达 | H132: Dũng 阿勇 | I132: 2025.10.29 | J132: 0.44305556
A133: =VLOOKUP($C133,SKU!$A:$I,3,FALSE) -> 10009 | B133: =VLOOKUP($C133,SKU!$A:$I,2,FALSE) -> 万画云游三丽鸥家族百变cos收藏卡 | C133: Vancard Sanrio | D133: 18 | E133: =D133*VLOOKUP(A133,Nhập入库!A:N,8,FALSE) -> 180 | G133: Thùy 阿锤 | H133: Dũng 阿勇 | I133: 2025.10.29 | J133: 0.47152778
A134: =VLOOKUP($C134,SKU!$A:$I,3,FALSE) -> 10045 | B134: =VLOOKUP($C134,SKU!$A:$I,2,FALSE) -> 名侦探柯南谜层交错 | C134: Conan lập thể | D134: 9 | E134: =D134*VLOOKUP(A134,Nhập入库!A:N,8,FALSE) -> 9 | G134: Bội Anh 倍英 | H134: Dũng 阿勇 | I134: 2025.10.28 | J134: 0.50902778
A135: =VLOOKUP($C135,SKU!$A:$I,3,FALSE) -> 10003 | B135: =VLOOKUP($C135,SKU!$A:$I,2,FALSE) -> DUO米全新出品鬼灭之刃-柱合会议篇第二弹 | C135: DUO Kyn | E135: =D135*VLOOKUP(A135,Nhập入库!A:N,8,FALSE) -> 0 | F135: 12 | G135: Hà 小河 | H135: Trà My 茶梅 | I135: 2025.10.29 | J135: 0.54236111
A136: =VLOOKUP($C136,SKU!$A:$I,3,FALSE) -> 10007 | B136: =VLOOKUP($C136,SKU!$A:$I,2,FALSE) -> kawaii宫崎骏梦幻之国 | C136: Kawaii Gibli | D136: 5 | E136: =D136*VLOOKUP(A136,Nhập入库!A:N,8,FALSE) -> 65 | G136: Trường Vũ 长宇 | H136: Huệ 氏惠 | I136: 2025.10.29 | J136: 0.47152778
A137: =VLOOKUP($C137,SKU!$A:$I,3,FALSE) -> 10004 | B137: =VLOOKUP($C137,SKU!$A:$I,2,FALSE) -> 初见花海咒术回战第一弹 | C137: Jujutsu vol 1 | E137: =D137*VLOOKUP(A137,Nhập入库!A:N,8,FALSE) -> 0 | F137: 21 | G137: Mimi | H137: Trà My 茶梅 | I137: 2025.10.29 | J137: 0.47152778
A138: =VLOOKUP($C138,SKU!$A:$I,3,FALSE) -> 10001 | B138: =VLOOKUP($C138,SKU!$A:$I,2,FALSE) -> 《东株社》宝可梦水晶砖 | C138: Pokemon | D138: 10 | E138: =D138*VLOOKUP(A138,Nhập入库!A:N,8,FALSE) -> 10 | G138: Thùy 阿锤 | H138: Dũng 阿勇 | I138: 2025.10.29
A139: =VLOOKUP($C139,SKU!$A:$I,3,FALSE) -> 10003 | B139: =VLOOKUP($C139,SKU!$A:$I,2,FALSE) -> DUO米全新出品鬼灭之刃-柱合会议篇第二弹 | C139: DUO Kyn | D139: 5 | E139: =D139*VLOOKUP(A139,Nhập入库!A:N,8,FALSE) -> 65 | G139: Vi 小薇 | H139: Hoàng Oanh黄莹 | I139: 2025.10.29 | J139: 0.79166667
A140: =VLOOKUP($C140,SKU!$A:$I,3,FALSE) -> 10004 | B140: =VLOOKUP($C140,SKU!$A:$I,2,FALSE) -> 初见花海咒术回战第一弹 | C140: Jujutsu vol 1 | E140: =D140*VLOOKUP(A140,Nhập入库!A:N,8,FALSE) -> 0 | F140: 20 | G140: Vi 小薇 | H140: Hoàng Oanh黄莹 | I140: 2025.10.29 | J140: 0.79166667
A141: =VLOOKUP($C141,SKU!$A:$I,3,FALSE) -> 10032 | B141: =VLOOKUP($C141,SKU!$A:$I,2,FALSE) -> 绘心阁《魔道祖师—殊途同归》色纸卡牌 | C141: Huixin MĐTS | E141: =D141*VLOOKUP(A141,Nhập入库!A:N,8,FALSE) -> 0 | F141: 40 | G141: Thanh 阿青 | H141: Hoàng Oanh黄莹 | I141: 2025.10.29 | J141: 0.79166667
A142: =VLOOKUP($C142,SKU!$A:$I,3,FALSE) -> 10039 | B142: =VLOOKUP($C142,SKU!$A:$I,2,FALSE) -> 非凡航海王第五弹 | C142: OP Phi Phàm | D142: 15 | E142: =D142*VLOOKUP(A142,Nhập入库!A:N,8,FALSE) -> 300 | G142: Như 小如 | H142: Tum 阿庄 | I142: 2025.10.29 | J142: 0.86875
...

Sheet Hoàn回库
A1: sku序列 SKU CODE | B1: 中文名 Tên tiếng Trung | C1: 英文/越文名 Tên tiếng Việt | D1: 数量/盒 SL hộp | E1: 整盒包数 SL (Pack/Tổng Hộp) | F1: 零散包数 Pack lẻ | G1: 主播 Từ Host | H1: 登记人 Người hoàn | I1: 回库日期 Ngày hoàn | J1: 回库时间 Thời gian
A2: =VLOOKUP($C2,SKU!$A:$I,3,FALSE) -> 10013 | B2: =VLOOKUP($C2,SKU!$A:$I,2,FALSE) -> 皇卡 × 鬼灭《血月之契》篇决战无限城收藏卡 | C2: Kny Hoàng Card | E2: =D2*VLOOKUP(A2,Nhập入库!A:N,8,FALSE) -> 0 | F2: 36 | G2: Vi 小薇 | H2: Tum 阿庄 | I2: 23/10/2025 | J2: 0.78333333
A3: =VLOOKUP($C3,SKU!$A:$I,3,FALSE) -> 10013 | B3: =VLOOKUP($C3,SKU!$A:$I,2,FALSE) -> 皇卡 × 鬼灭《血月之契》篇决战无限城收藏卡 | C3: Kny Hoàng Card | D3: 3 | E3: =D3*VLOOKUP(A3,Nhập入库!A:N,8,FALSE) -> 36 | F3: 44 | G3: Vi 小薇 | H3: Huệ 氏惠 | I3: 24/10/2025 | J3: 0.41666667
A4: =VLOOKUP($C4,SKU!$A:$I,3,FALSE) -> 10039 | B4: =VLOOKUP($C4,SKU!$A:$I,2,FALSE) -> 非凡航海王第五弹 | C4: OP Phi Phàm | D4: 5 | E4: =D4*VLOOKUP(A4,Nhập入库!A:N,8,FALSE) -> 100 | F4: 21 | G4: Zenex | H4: Trà My 茶梅 | I4: 23/10/2025 | J4: 0.37222222
A5: =VLOOKUP($C5,SKU!$A:$I,3,FALSE) -> 10003 | B5: =VLOOKUP($C5,SKU!$A:$I,2,FALSE) -> DUO米全新出品鬼灭之刃-柱合会议篇第二弹 | C5: DUO Kyn | D5: 5 | E5: =D5*VLOOKUP(A5,Nhập入库!A:N,8,FALSE) -> 65 | G5: Thu Giang秋江 | H5: Hoàng Oanh黄莹 | I5: 24/10/2025 | J5: 0.88888889
A6: =VLOOKUP($C6,SKU!$A:$I,3,FALSE) -> 10003 | B6: =VLOOKUP($C6,SKU!$A:$I,2,FALSE) -> DUO米全新出品鬼灭之刃-柱合会议篇第二弹 | C6: DUO Kyn | D6: 5 | E6: =D6*VLOOKUP(A6,Nhập入库!A:N,8,FALSE) -> 65 | G6: Hà 小河 | H6: Tum 阿庄 | I6: 25/10/2025 | J6: 0.95486111
A7: =VLOOKUP($C7,SKU!$A:$I,3,FALSE) -> 10003 | B7: =VLOOKUP($C7,SKU!$A:$I,2,FALSE) -> DUO米全新出品鬼灭之刃-柱合会议篇第二弹 | C7: DUO Kyn | D7: 1 | E7: =D7*VLOOKUP(A7,Nhập入库!A:N,8,FALSE) -> 13 | F7: 13 | G7: Vi 小薇 | H7: Trà My 茶梅 | I7: 25/10/2025 | J7: 0.63611111
A8: =VLOOKUP($C8,SKU!$A:$I,3,FALSE) -> 10021 | B8: =VLOOKUP($C8,SKU!$A:$I,2,FALSE) -> 新谷动漫名侦探柯南·仲夏夜之恋邮票集 | C8: Shingu Conan phiếu tem | D8: 4 | E8: =D8*VLOOKUP(A8,Nhập入库!A:N,8,FALSE) -> 20 | G8: Mimi | H8: Tum 阿庄 | I8: 26/10/2025 | J8: 0.73055556
A9: =VLOOKUP($C9,SKU!$A:$I,3,FALSE) -> 10003 | B9: =VLOOKUP($C9,SKU!$A:$I,2,FALSE) -> DUO米全新出品鬼灭之刃-柱合会议篇第二弹 | C9: DUO Kyn | D9: 4 | E9: =D9*VLOOKUP(A9,Nhập入库!A:N,8,FALSE) -> 52 | G9: Thu Giang秋江 | H9: Hoàng Oanh黄莹 | I9: 26/10/2025 | J9: 0.81597222
A10: =VLOOKUP($C10,SKU!$A:$I,3,FALSE) -> 10003 | B10: =VLOOKUP($C10,SKU!$A:$I,2,FALSE) -> DUO米全新出品鬼灭之刃-柱合会议篇第二弹 | C10: DUO Kyn | E10: =D10*VLOOKUP(A10,Nhập入库!A:N,8,FALSE) -> 0 | F10: 85 | G10: Mimi | H10: Tum 阿庄 | I10: 26/10/2026 | J10: 0.78263889
A11: =VLOOKUP($C11,SKU!$A:$I,3,FALSE) -> 10010 | B11: =VLOOKUP($C11,SKU!$A:$I,2,FALSE) -> 玩的入迷-魔卡少女樱第一弹—樱之绮遇 | C11: Wamder Roaming Sakura | D11: 5 | E11: =D11*VLOOKUP(A11,Nhập入库!A:N,8,FALSE) -> 65 | F11: 24 | G11: Thùy 阿锤 | H11: Hoàng Oanh黄莹 | I11: 26/10/2026 | J11: 0.97430556
A12: =VLOOKUP($C12,SKU!$A:$I,3,FALSE) -> 10003 | B12: =VLOOKUP($C12,SKU!$A:$I,2,FALSE) -> DUO米全新出品鬼灭之刃-柱合会议篇第二弹 | C12: DUO Kyn | D12: 1 | E12: =D12*VLOOKUP(A12,Nhập入库!A:N,8,FALSE) -> 13 | F12: 13 | G12: Như 小如 | H12: Trà My 茶梅 | I12: 25/10/2026 | J12: 0.375
A13: =VLOOKUP($C13,SKU!$A:$I,3,FALSE) -> 10003 | B13: =VLOOKUP($C13,SKU!$A:$I,2,FALSE) -> DUO米全新出品鬼灭之刃-柱合会议篇第二弹 | C13: DUO Kyn | D13: 1 | E13: =D13*VLOOKUP(A13,Nhập入库!A:N,8,FALSE) -> 13 | F13: 13 | G13: Vi 小薇 | H13: Trà My 茶梅 | I13: 25/10/2025 | J13: 0.375
A14: =VLOOKUP($C14,SKU!$A:$I,3,FALSE) -> 10044 | B14: =VLOOKUP($C14,SKU!$A:$I,2,FALSE) -> 源宇宙原神.空月の歌·周边CD票根邮票组合套装 | C14: Source University Genshin thẻ CD | D14: 1 | E14: =D14*VLOOKUP(A14,Nhập入库!A:N,8,FALSE) -> 1 | G14: Bội Anh 倍英 | H14: Trà My 茶梅 | I14: 27/10/2025 | J14: 0.375
A15: =VLOOKUP($C15,SKU!$A:$I,3,FALSE) -> 10003 | B15: =VLOOKUP($C15,SKU!$A:$I,2,FALSE) -> DUO米全新出品鬼灭之刃-柱合会议篇第二弹 | C15: DUO Kyn | E15: =D15*VLOOKUP(A15,Nhập入库!A:N,8,FALSE) -> 0 | F15: 17 | G15: Mimi | H15: Trà My 茶梅 | I15: 28/10/2025 | J15: 0.56319444
A16: =VLOOKUP($C16,SKU!$A:$I,3,FALSE) -> 10003 | B16: =VLOOKUP($C16,SKU!$A:$I,2,FALSE) -> DUO米全新出品鬼灭之刃-柱合会议篇第二弹 | C16: DUO Kyn | E16: =D16*VLOOKUP(A16,Nhập入库!A:N,8,FALSE) -> 0 | F16: 15 | G16: Như 小如 | H16: Trà My 茶梅 | I16: 28/10/2025 | J16: 0.58333333
A17: =VLOOKUP($C17,SKU!$A:$I,3,FALSE) -> 10003 | B17: =VLOOKUP($C17,SKU!$A:$I,2,FALSE) -> DUO米全新出品鬼灭之刃-柱合会议篇第二弹 | C17: DUO Kyn | D17: 1 | E17: =D17*VLOOKUP(A17,Nhập入库!A:N,8,FALSE) -> 13 | G17: Như 小如 | H17: Hoàng Oanh黄莹 | I17: 28/10/2025 | J17: 0.34722222
A18: =VLOOKUP($C18,SKU!$A:$I,3,FALSE) -> 10021 | B18: =VLOOKUP($C18,SKU!$A:$I,2,FALSE) -> 新谷动漫名侦探柯南·仲夏夜之恋邮票集 | C18: Shingu Conan phiếu tem | E18: =D18*VLOOKUP(A18,Nhập入库!A:N,8,FALSE) -> 0 | F18: 1 | G18: Mimi | H18: Hoàng Oanh黄莹 | I18: 28/10/2025 | J18: 0.99097222
A19: =VLOOKUP($C19,SKU!$A:$I,3,FALSE) -> 10003 | B19: =VLOOKUP($C19,SKU!$A:$I,2,FALSE) -> DUO米全新出品鬼灭之刃-柱合会议篇第二弹 | C19: DUO Kyn | D19: 1 | E19: =D19*VLOOKUP(A19,Nhập入库!A:N,8,FALSE) -> 13 | F19: 13 | G19: Vi 小薇 | H19: Hoàng Oanh黄莹 | I19: 28/10/2025 | J19: 0.99097222
A20: =VLOOKUP($C20,SKU!$A:$I,3,FALSE) -> 10003 | B20: =VLOOKUP($C20,SKU!$A:$I,2,FALSE) -> DUO米全新出品鬼灭之刃-柱合会议篇第二弹 | C20: DUO Kyn | E20: =D20*VLOOKUP(A20,Nhập入库!A:N,8,FALSE) -> 0 | F20: 13 | G20: Vi 小薇 | H20: Trà My 茶梅 | I20: 28/10/2025 | J20: 0.54166667
A21: =VLOOKUP($C21,SKU!$A:$I,3,FALSE) -> 10003 | B21: =VLOOKUP($C21,SKU!$A:$I,2,FALSE) -> DUO米全新出品鬼灭之刃-柱合会议篇第二弹 | C21: DUO Kyn | E21: =D21*VLOOKUP(A21,Nhập入库!A:N,8,FALSE) -> 0 | F21: 36 | G21: Bội Anh 倍英 | H21: Kiều Anh侨英 | I21: 29/10/2025 | J21: 0.77708333
A22: =VLOOKUP($C22,SKU!$A:$I,3,FALSE) -> 10044 | B22: =VLOOKUP($C22,SKU!$A:$I,2,FALSE) -> 源宇宙原神.空月の歌·周边CD票根邮票组合套装 | C22: Source University Genshin thẻ CD | E22: =D22*VLOOKUP(A22,Nhập入库!A:N,8,FALSE) -> 0 | F22: 7 | G22: Như 小如 | H22: Dũng 阿勇 | I22: 28/10/2025 | J22: 0.54166667
A23: =VLOOKUP($C23,SKU!$A:$I,3,FALSE) -> 10001 | B23: =VLOOKUP($C23,SKU!$A:$I,2,FALSE) -> 《东株社》宝可梦水晶砖 | C23: Pokemon | E23: =D23*VLOOKUP(A23,Nhập入库!A:N,8,FALSE) -> 0 | F23: 3 | G23: Bội Anh 倍英 | H23: Dũng 阿勇 | I23: 28/10/2025 | J23: 0.54166667
A24: =VLOOKUP($C24,SKU!$A:$I,3,FALSE) -> 10004 | B24: =VLOOKUP($C24,SKU!$A:$I,2,FALSE) -> 初见花海咒术回战第一弹 | C24: Jujutsu vol 1 | E24: =D24*VLOOKUP(A24,Nhập入库!A:N,8,FALSE) -> 0 | F24: 15 | G24: Mimi | H24: Dũng 阿勇 | I24: 1/11/2025 | J24: 0.39166667
A25: =VLOOKUP($C25,SKU!$A:$I,3,FALSE) -> 10010 | B25: =VLOOKUP($C25,SKU!$A:$I,2,FALSE) -> 玩的入迷-魔卡少女樱第一弹—樱之绮遇 | C25: Wamder Roaming Sakura | E25: =D25*VLOOKUP(A25,Nhập入库!A:N,8,FALSE) -> 0 | F25: 23 | G25: Thanh 阿青 | H25: Dũng 阿勇 | I25: 31/10/2025 | J25: 0.42569444
A26: =VLOOKUP($C26,SKU!$A:$I,3,FALSE) -> 10037 | B26: =VLOOKUP($C26,SKU!$A:$I,2,FALSE) -> 磁吸邮票《咪咕咪咕&魔卡少女樱》 | C26: Madhouse Sakura phiếu tem | D26: 20 | E26: =D26*VLOOKUP(A26,Nhập入库!A:N,8,FALSE) -> 20 | G26: Thùy 阿锤 | H26: Dũng 阿勇 | I26: 31/10/2025
A27: =VLOOKUP($C27,SKU!$A:$I,3,FALSE) -> 10025 | B27: =VLOOKUP($C27,SKU!$A:$I,2,FALSE) -> 君屹文化耽美古风收藏新纪元《言辞忆梦》撕撕乐 | C27: Quân sơn TQTP | E27: =D27*VLOOKUP(A27,Nhập入库!A:N,8,FALSE) -> 0 | F27: 18 | G27: Thanh 阿青 | H27: Hoàng Oanh黄莹 | I27: 31/10/2025 | J27: 0.70833333
A28: =VLOOKUP($C28,SKU!$A:$I,3,FALSE) -> 10017 | B28: =VLOOKUP($C28,SKU!$A:$I,2,FALSE) -> 梦境-美少女战士第一弹 | C28: Mộng cảnh Sailor Moon | D28: 2 | E28: =D28*VLOOKUP(A28,Nhập入库!A:N,8,FALSE) -> 26 | G28: Hà 小河 | H28: Dũng 阿勇 | I28: 1/11/2025 | J28: 0.62222222
A29: =VLOOKUP($C29,SKU!$A:$I,3,FALSE) -> 10013 | B29: =VLOOKUP($C29,SKU!$A:$I,2,FALSE) -> 皇卡 × 鬼灭《血月之契》篇决战无限城收藏卡 | C29: Kny Hoàng Card | D29: 3 | E29: =D29*VLOOKUP(A29,Nhập入库!A:N,8,FALSE) -> 36 | G29: Thu Giang秋江 | H29: Kiều Anh侨英 | I29: 1/11/2025 | J29: 0.73055556
A30: =VLOOKUP($C30,SKU!$A:$I,3,FALSE) -> 10003 | B30: =VLOOKUP($C30,SKU!$A:$I,2,FALSE) -> DUO米全新出品鬼灭之刃-柱合会议篇第二弹 | C30: DUO Kyn | D30: 3 | E30: =D30*VLOOKUP(A30,Nhập入库!A:N,8,FALSE) -> 39 | G30: Hà 小河 | H30: Hoàng Oanh黄莹 | I30: 1/11/2025 | J30: 0.82361111
A31: =VLOOKUP($C31,SKU!$A:$I,3,FALSE) -> 10003 | B31: =VLOOKUP($C31,SKU!$A:$I,2,FALSE) -> DUO米全新出品鬼灭之刃-柱合会议篇第二弹 | C31: DUO Kyn | E31: =D31*VLOOKUP(A31,Nhập入库!A:N,8,FALSE) -> 0 | F31: 20 | G31: Thu Giang秋江 | H31: Hoàng Oanh黄莹 | I31: 1/11/2025 | J31: 0.89027778
A32: =VLOOKUP($C32,SKU!$A:$I,3,FALSE) -> 10003 | B32: =VLOOKUP($C32,SKU!$A:$I,2,FALSE) -> DUO米全新出品鬼灭之刃-柱合会议篇第二弹 | C32: DUO Kyn | E32: =D32*VLOOKUP(A32,Nhập入库!A:N,8,FALSE) -> 0 | F32: 12 | G32: Hà 小河 | H32: Hoàng Oanh黄莹 | I32: 1/11/2025 | J32: 0.91111111
A33: =VLOOKUP($C33,SKU!$A:$I,3,FALSE) -> 10003 | B33: =VLOOKUP($C33,SKU!$A:$I,2,FALSE) -> DUO米全新出品鬼灭之刃-柱合会议篇第二弹 | C33: DUO Kyn | E33: =D33*VLOOKUP(A33,Nhập入库!A:N,8,FALSE) -> 0 | F33: =30+28 -> 58 | G33: Hà 小河 | H33: Hoàng Oanh黄莹 | I33: 1/11/2025 | J33: 0.9625
A34: =VLOOKUP($C34,SKU!$A:$I,3,FALSE) -> 10003 | B34: =VLOOKUP($C34,SKU!$A:$I,2,FALSE) -> DUO米全新出品鬼灭之刃-柱合会议篇第二弹 | C34: DUO Kyn | E34: =D34*VLOOKUP(A34,Nhập入库!A:N,8,FALSE) -> 0 | F34: 49 | G34: Vi 小薇 | H34: Tum 阿庄 | I34: 1/11/2025 | J34: 0.99097222
A35: =VLOOKUP($C35,SKU!$A:$I,3,FALSE) -> 10037 | B35: =VLOOKUP($C35,SKU!$A:$I,2,FALSE) -> 磁吸邮票《咪咕咪咕&魔卡少女樱》 | C35: Madhouse Sakura phiếu tem | D35: 20 | E35: =D35*VLOOKUP(A35,Nhập入库!A:N,8,FALSE) -> 20 | G35: Thùy 阿锤 | H35: Dũng 阿勇 | I35: 2/11/2025 | J35: 0.49097222
A36: =VLOOKUP($C36,SKU!$A:$I,3,FALSE) -> 10035 | B36: =VLOOKUP($C36,SKU!$A:$I,2,FALSE) -> KK CARD × 新海诚系列第一弹 | C36: KK card Shinkai Makoto vol 1 | E36: =D36*VLOOKUP(A36,Nhập入库!A:N,8,FALSE) -> 0 | F36: 41 | G36: Thùy 阿锤 | H36: Dũng 阿勇 | I36: 2/11/2025 | J36: 0.59513889
A37: =VLOOKUP($C37,SKU!$A:$I,3,FALSE) -> 10004 | B37: =VLOOKUP($C37,SKU!$A:$I,2,FALSE) -> 初见花海咒术回战第一弹 | C37: Jujutsu vol 1 | D37: 22 | E37: =D37*VLOOKUP(A37,Nhập入库!A:N,8,FALSE) -> 22 | G37: Khoa 科 | H37: Huệ 氏惠 | I37: 02/11/2025 | J37: 0.096527778
A38: =VLOOKUP($C38,SKU!$A:$I,3,FALSE) -> 10039 | B38: =VLOOKUP($C38,SKU!$A:$I,2,FALSE) -> 非凡航海王第五弹 | C38: OP Phi Phàm | D38: 5 | E38: =D38*VLOOKUP(A38,Nhập入库!A:N,8,FALSE) -> 100 | G38: Khoa 科 | H38: Huệ 氏惠 | I38: 02/11/2025 | J38: 0.096527778
A39: =VLOOKUP($C39,SKU!$A:$I,3,FALSE) -> 10014 | B39: =VLOOKUP($C39,SKU!$A:$I,2,FALSE) -> 星梦文创-Studio Ghibli宫崎骏撕撕乐系列 | C39: Tinh Mộng Gibli thẻ xé | D39: 20 | E39: =D39*VLOOKUP(A39,Nhập入库!A:N,8,FALSE) -> 60 | G39: Khoa 科 | H39: Huệ 氏惠 | I39: 02/11/2025 | J39: 0.096527778
A40: =VLOOKUP($C40,SKU!$A:$I,3,FALSE) -> 10017 | B40: =VLOOKUP($C40,SKU!$A:$I,2,FALSE) -> 梦境-美少女战士第一弹 | C40: Mộng cảnh Sailor Moon | E40: =D40*VLOOKUP(A40,Nhập入库!A:N,8,FALSE) -> 0 | F40: 29 | G40: Hà 小河 | H40: Huệ 氏惠 | I40: 1/11/2025 | J40: 0.63125
A41: =VLOOKUP($C41,SKU!$A:$I,3,FALSE) -> 10003 | B41: =VLOOKUP($C41,SKU!$A:$I,2,FALSE) -> DUO米全新出品鬼灭之刃-柱合会议篇第二弹 | C41: DUO Kyn | E41: =D41*VLOOKUP(A41,Nhập入库!A:N,8,FALSE) -> 0 | F41: =21+23 -> 44 | G41: Như 小如 | H41: Hoàng Oanh黄莹 | I41: 2/11/2025 | J41: 0.84930556
A42: =VLOOKUP($C42,SKU!$A:$I,3,FALSE) -> 10003 | B42: =VLOOKUP($C42,SKU!$A:$I,2,FALSE) -> DUO米全新出品鬼灭之刃-柱合会议篇第二弹 | C42: DUO Kyn | E42: =D42*VLOOKUP(A42,Nhập入库!A:N,8,FALSE) -> 0 | F42: 21 | G42: Bội Anh 倍英 | H42: Hoàng Oanh黄莹 | I42: 2/11/2025 | J42: 0.84930556
A43: =VLOOKUP($C43,SKU!$A:$I,3,FALSE) -> 10003 | B43: =VLOOKUP($C43,SKU!$A:$I,2,FALSE) -> DUO米全新出品鬼灭之刃-柱合会议篇第二弹 | C43: DUO Kyn | E43: =D43*VLOOKUP(A43,Nhập入库!A:N,8,FALSE) -> 0 | F43: 1 | G43: Mimi | H43: Hoàng Oanh黄莹 | I43: 2/11/2025 | J43: 0.84930556
A44: =VLOOKUP($C44,SKU!$A:$I,3,FALSE) -> 10028 | B44: =VLOOKUP($C44,SKU!$A:$I,2,FALSE) -> 潮玩咔原神 尘世收藏卡 | C44: Trendy Toyka Genshin | D44: 2 | E44: =D44*VLOOKUP(A44,Nhập入库!A:N,8,FALSE) -> 26 | G44: Như 小如 | H44: Trà My 茶梅 | I44: 4/11/2025 | J44: 0.375
A45: =VLOOKUP($C45,SKU!$A:$I,3,FALSE) -> 10007 | B45: =VLOOKUP($C45,SKU!$A:$I,2,FALSE) -> kawaii宫崎骏梦幻之国 | C45: Kawaii Gibli | D45: 5 | E45: =D45*VLOOKUP(A45,Nhập入库!A:N,8,FALSE) -> 65 | G45: Thanh 阿青 | H45: Tum 阿庄 | I45: 5/11/2025 | J45: 0.041666667
A46: =VLOOKUP($C46,SKU!$A:$I,3,FALSE) -> 10011 | B46: =VLOOKUP($C46,SKU!$A:$I,2,FALSE) -> 灿卡文创宫崎骏第二弹《花涧物语》 | C46: Gibli Hoa | D46: 5 | E46: =D46*VLOOKUP(A46,Nhập入库!A:N,8,FALSE) -> 65 | G46: Thanh 阿青 | H46: Tum 阿庄 | I46: 5/11/2025 | J46: 0.073611111
A47: =VLOOKUP($C47,SKU!$A:$I,3,FALSE) -> 10006 | B47: =VLOOKUP($C47,SKU!$A:$I,2,FALSE) -> 云映文化「云之境の夏」第二弹·宫崎骏珍藏卡牌 | C47: Mây và Hạ | E47: =D47*VLOOKUP(A47,Nhập入库!A:N,8,FALSE) -> 0 | F47: 64 | G47: Phương 小芳 | H47: Tum 阿庄 | I47: 5/11/2025 | J47: 0.073611111
A48: =VLOOKUP($C48,SKU!$A:$I,3,FALSE) -> 10017 | B48: =VLOOKUP($C48,SKU!$A:$I,2,FALSE) -> 梦境-美少女战士第一弹 | C48: Mộng cảnh Sailor Moon | D48: 5 | E48: =D48*VLOOKUP(A48,Nhập入库!A:N,8,FALSE) -> 65 | G48: Thu Giang秋江 | H48: Dũng 阿勇 | I48: 4/11/2025
A49: =VLOOKUP($C49,SKU!$A:$I,3,FALSE) -> 10023 | B49: =VLOOKUP($C49,SKU!$A:$I,2,FALSE) -> 风信文创尘世相逢之约星光来信原神邮票第一弹 | C49: Tinh quang Genshin | D49: 14 | E49: =D49*VLOOKUP(A49,Nhập入库!A:N,8,FALSE) -> 14 | G49: Như 小如 | H49: Dũng 阿勇 | I49: 5/11/2025 | J49: 0.52569444
A50: =VLOOKUP($C50,SKU!$A:$I,3,FALSE) -> 10039 | B50: =VLOOKUP($C50,SKU!$A:$I,2,FALSE) -> 非凡航海王第五弹 | C50: OP Phi Phàm | D50: 17 | E50: =D50*VLOOKUP(A50,Nhập入库!A:N,8,FALSE) -> 340 | G50: Zenex | H50: Trà My 茶梅 | I50: 3/11/2025 | J50: 0.50902778
A51: =VLOOKUP($C51,SKU!$A:$I,3,FALSE) -> 10039 | B51: =VLOOKUP($C51,SKU!$A:$I,2,FALSE) -> 非凡航海王第五弹 | C51: OP Phi Phàm | D51: 27 | E51: =D51*VLOOKUP(A51,Nhập入库!A:N,8,FALSE) -> 540 | G51: Zenex | H51: Trà My 茶梅 | I51: 5/11/2025 | J51: 0.55694444
A52: =VLOOKUP($C52,SKU!$A:$I,3,FALSE) -> 10007 | B52: =VLOOKUP($C52,SKU!$A:$I,2,FALSE) -> kawaii宫崎骏梦幻之国 | C52: Kawaii Gibli | D52: 5 | E52: =D52*VLOOKUP(A52,Nhập入库!A:N,8,FALSE) -> 65 | G52: Trường Vũ 长宇 | H52: Trà My 茶梅 | I52: 5/11/2025
A53: =VLOOKUP($C53,SKU!$A:$I,3,FALSE) -> 10004 | B53: =VLOOKUP($C53,SKU!$A:$I,2,FALSE) -> 初见花海咒术回战第一弹 | C53: Jujutsu vol 1 | D53: 12 | E53: =D53*VLOOKUP(A53,Nhập入库!A:N,8,FALSE) -> 12 | G53: Như 小如 | H53: Tum 阿庄 | I53: 5/11/2025 | J53: 0.80347222
A54: =VLOOKUP($C54,SKU!$A:$I,3,FALSE) -> 10017 | B54: =VLOOKUP($C54,SKU!$A:$I,2,FALSE) -> 梦境-美少女战士第一弹 | C54: Mộng cảnh Sailor Moon | E54: =D54*VLOOKUP(A54,Nhập入库!A:N,8,FALSE) -> 0 | F54: 78 | G54: Thùy 阿锤 | H54: Tum 阿庄 | I54: 5/11/2025 | J54: 0.87291667
A55: =VLOOKUP($C55,SKU!$A:$I,3,FALSE) -> 10039 | B55: =VLOOKUP($C55,SKU!$A:$I,2,FALSE) -> 非凡航海王第五弹 | C55: OP Phi Phàm | D55: 5 | E55: =D55*VLOOKUP(A55,Nhập入库!A:N,8,FALSE) -> 100 | G55: Mimi | H55: Tum 阿庄 | I55: 5/11/2025 | J55: 0.99583333
A56: =VLOOKUP($C56,SKU!$A:$I,3,FALSE) -> 10011 | B56: =VLOOKUP($C56,SKU!$A:$I,2,FALSE) -> 灿卡文创宫崎骏第二弹《花涧物语》 | C56: Gibli Hoa | D56: 4 | E56: =D56*VLOOKUP(A56,Nhập入库!A:N,8,FALSE) -> 52 | G56: Thanh 阿青 | H56: Hoàng Oanh黄莹 | I56: 6/11/2025 | J56: 0.80347222
A57: =VLOOKUP($C57,SKU!$A:$I,3,FALSE) -> 10052 | B57: =VLOOKUP($C57,SKU!$A:$I,2,FALSE) -> 柯南洞悉包第五弹 | C57: Kayou Conan Vol 5 | D57: 7 | E57: =D57*VLOOKUP(A57,Nhập入库!A:N,8,FALSE) -> 126 | F57: 35 | G57: Mimi | H57: Hoàng Oanh黄莹 | I57: 6/11/2025 | J57: 0.82013889
A58: =VLOOKUP($C58,SKU!$A:$I,3,FALSE) -> 10047 | B58: =VLOOKUP($C58,SKU!$A:$I,2,FALSE) -> 提瓦特工坊·原神水晶色纸 | C58: Xưởng Teyvat Genshin Impact A6 | D58: 66 | E58: =D58*VLOOKUP(A58,Nhập入库!A:N,8,FALSE) -> 66 | G58: Như 小如 | H58: Dũng 阿勇 | I58: 7/11/2025 | J58: 0.38888889
A59: =VLOOKUP($C59,SKU!$A:$I,3,FALSE) -> 10001 | B59: =VLOOKUP($C59,SKU!$A:$I,2,FALSE) -> 《东株社》宝可梦水晶砖 | C59: Pokemon | D59: 5 | E59: =D59*VLOOKUP(A59,Nhập入库!A:N,8,FALSE) -> 5 | G59: Minh Thư 明书 | H59: Hoàng 范范 | I59: 7/11/2025 | J59: 0.38888889
A60: =VLOOKUP($C60,SKU!$A:$I,3,FALSE) -> 10039 | B60: =VLOOKUP($C60,SKU!$A:$I,2,FALSE) -> 非凡航海王第五弹 | C60: OP Phi Phàm | D60: 49 | E60: =D60*VLOOKUP(A60,Nhập入库!A:N,8,FALSE) -> 980 | G60: Zenex | H60: Hoàng 范范 | I60: 7/11/2025 | J60: 0.49513889
A61: =VLOOKUP($C61,SKU!$A:$I,3,FALSE) -> 10039 | B61: =VLOOKUP($C61,SKU!$A:$I,2,FALSE) -> 非凡航海王第五弹 | C61: OP Phi Phàm | D61: 5 | E61: =D61*VLOOKUP(A61,Nhập入库!A:N,8,FALSE) -> 100 | G61: Mimi | H61: Trà My 茶梅 | I61: 6/11/2025 | J61: 0.625
A62: =VLOOKUP($C62,SKU!$A:$I,3,FALSE) -> 10039 | B62: =VLOOKUP($C62,SKU!$A:$I,2,FALSE) -> 非凡航海王第五弹 | C62: OP Phi Phàm | E62: =D62*VLOOKUP(A62,Nhập入库!A:N,8,FALSE) -> 0 | F62: 24 | G62: Như 小如 | H62: Trà My 茶梅 | I62: 6/11/2026 | J62: 0.625
A63: =VLOOKUP($C63,SKU!$A:$I,3,FALSE) -> 10039 | B63: =VLOOKUP($C63,SKU!$A:$I,2,FALSE) -> 非凡航海王第五弹 | C63: OP Phi Phàm | E63: =D63*VLOOKUP(A63,Nhập入库!A:N,8,FALSE) -> 0 | F63: 40 | G63: Như 小如 | H63: Trà My 茶梅 | I63: 7/11/2025 | J63: 0.58333333
A64: =VLOOKUP($C64,SKU!$A:$I,3,FALSE) -> 10011 | B64: =VLOOKUP($C64,SKU!$A:$I,2,FALSE) -> 灿卡文创宫崎骏第二弹《花涧物语》 | C64: Gibli Hoa | D64: 3 | E64: =D64*VLOOKUP(A64,Nhập入库!A:N,8,FALSE) -> 39 | G64: Thành Đạt 成达 | H64: Hoàng Oanh黄莹 | I64: 7/11/2025 | J64: 0.94930556
A65: =VLOOKUP($C65,SKU!$A:$I,3,FALSE) -> 10047 | B65: =VLOOKUP($C65,SKU!$A:$I,2,FALSE) -> 提瓦特工坊·原神水晶色纸 | C65: Xưởng Teyvat Genshin Impact A6 | D65: 10 | E65: =D65*VLOOKUP(A65,Nhập入库!A:N,8,FALSE) -> 10 | G65: Bội Anh 倍英 | H65: Tum 阿庄 | I65: 7/11/2025 | J65: 0.50555556
A66: =VLOOKUP($C66,SKU!$A:$I,3,FALSE) -> 10021 | B66: =VLOOKUP($C66,SKU!$A:$I,2,FALSE) -> 新谷动漫名侦探柯南·仲夏夜之恋邮票集 | C66: Shingu Conan phiếu tem | D66: 2 | E66: =D66*VLOOKUP(A66,Nhập入库!A:N,8,FALSE) -> 10 | G66: Phương 小芳 | H66: Trà My 茶梅 | I66: 25/10/2025
A67: =VLOOKUP($C67,SKU!$A:$I,3,FALSE) -> 10021 | B67: =VLOOKUP($C67,SKU!$A:$I,2,FALSE) -> 新谷动漫名侦探柯南·仲夏夜之恋邮票集 | C67: Shingu Conan phiếu tem | D67: 2 | E67: =D67*VLOOKUP(A67,Nhập入库!A:N,8,FALSE) -> 10 | G67: Vi 小薇 | H67: Trà My 茶梅 | I67: 25/10/2025
A68: =VLOOKUP($C68,SKU!$A:$I,3,FALSE) -> 10007 | B68: =VLOOKUP($C68,SKU!$A:$I,2,FALSE) -> kawaii宫崎骏梦幻之国 | C68: Kawaii Gibli | D68: 4 | E68: =D68*VLOOKUP(A68,Nhập入库!A:N,8,FALSE) -> 52 | G68: Phương 小芳 | H68: Huệ 氏惠 | I68: 8/11/2025 | J68: 0.60625
A69: =VLOOKUP($C69,SKU!$A:$I,3,FALSE) -> 10007 | B69: =VLOOKUP($C69,SKU!$A:$I,2,FALSE) -> kawaii宫崎骏梦幻之国 | C69: Kawaii Gibli | E69: =D69*VLOOKUP(A69,Nhập入库!A:N,8,FALSE) -> 0 | F69: 11 | G69: Trường Vũ 长宇 | H69: Huệ 氏惠 | I69: 8/11/2025 | J69: 0.60625
A70: =VLOOKUP($C70,SKU!$A:$I,3,FALSE) -> 10011 | B70: =VLOOKUP($C70,SKU!$A:$I,2,FALSE) -> 灿卡文创宫崎骏第二弹《花涧物语》 | C70: Gibli Hoa | E70: =D70*VLOOKUP(A70,Nhập入库!A:N,8,FALSE) -> 0 | F70: 62 | G70: Phương 小芳 | H70: Huệ 氏惠 | I70: 8/11/2025 | J70: 0.60625
A71: =VLOOKUP($C71,SKU!$A:$I,3,FALSE) -> 10011 | B71: =VLOOKUP($C71,SKU!$A:$I,2,FALSE) -> 灿卡文创宫崎骏第二弹《花涧物语》 | C71: Gibli Hoa | E71: =D71*VLOOKUP(A71,Nhập入库!A:N,8,FALSE) -> 0 | F71: 34 | G71: Trường Vũ 长宇 | H71: Huệ 氏惠 | I71: 8/11/2025 | J71: 0.60625
A72: =VLOOKUP($C72,SKU!$A:$I,3,FALSE) -> 10006 | B72: =VLOOKUP($C72,SKU!$A:$I,2,FALSE) -> 云映文化「云之境の夏」第二弹·宫崎骏珍藏卡牌 | C72: Mây và Hạ | E72: =D72*VLOOKUP(A72,Nhập入库!A:N,8,FALSE) -> 0 | F72: 62 | G72: Trường Vũ 长宇 | H72: Huệ 氏惠 | I72: 8/11/2025 | J72: 0.47638889
A73: =VLOOKUP($C73,SKU!$A:$I,3,FALSE) -> 10004 | B73: =VLOOKUP($C73,SKU!$A:$I,2,FALSE) -> 初见花海咒术回战第一弹 | C73: Jujutsu vol 1 | D73: 20 | E73: =D73*VLOOKUP(A73,Nhập入库!A:N,8,FALSE) -> 20 | G73: Trường Vũ 长宇 | H73: Huệ 氏惠 | I73: 8/11/2025 | J73: 0.47638889
A74: =VLOOKUP($C74,SKU!$A:$I,3,FALSE) -> 10014 | B74: =VLOOKUP($C74,SKU!$A:$I,2,FALSE) -> 星梦文创-Studio Ghibli宫崎骏撕撕乐系列 | C74: Tinh Mộng Gibli thẻ xé | E74: =D74*VLOOKUP(A74,Nhập入库!A:N,8,FALSE) -> 0 | F74: 58 | G74: Trường Vũ 长宇 | H74: Huệ 氏惠 | I74: 8/11/2025 | J74: 0.47638889
A75: =VLOOKUP($C75,SKU!$A:$I,3,FALSE) -> 10026 | B75: =VLOOKUP($C75,SKU!$A:$I,2,FALSE) -> 星恋文创·恋与深空《晦明交错之间》亚克力相框卡 | C75: Hải Minh LnD | E75: =D75*VLOOKUP(A75,Nhập入库!A:N,8,FALSE) -> 0 | F75: 18 | G75: Trường Vũ 长宇 | H75: Huệ 氏惠 | I75: 8/11/2025 | J75: 0.47638889
A76: =VLOOKUP($C76,SKU!$A:$I,3,FALSE) -> 10021 | B76: =VLOOKUP($C76,SKU!$A:$I,2,FALSE) -> 新谷动漫名侦探柯南·仲夏夜之恋邮票集 | C76: Shingu Conan phiếu tem | E76: =D76*VLOOKUP(A76,Nhập入库!A:N,8,FALSE) -> 0 | F76: 12 | G76: Vi 小薇 | H76: Trà My 茶梅 | I76: 25/10/2025
A77: =VLOOKUP($C77,SKU!$A:$I,3,FALSE) -> 10003 | B77: =VLOOKUP($C77,SKU!$A:$I,2,FALSE) -> DUO米全新出品鬼灭之刃-柱合会议篇第二弹 | C77: DUO Kyn | D77: 1 | E77: =D77*VLOOKUP(A77,Nhập入库!A:N,8,FALSE) -> 13 | F77: 22 | G77: Bội Anh 倍英 | H77: Trà My 茶梅 | I77: 8/11/2025 | J77: 0.51319444
A78: =VLOOKUP($C78,SKU!$A:$I,3,FALSE) -> 10047 | B78: =VLOOKUP($C78,SKU!$A:$I,2,FALSE) -> 提瓦特工坊·原神水晶色纸 | C78: Xưởng Teyvat Genshin Impact A6 | D78: 6 | E78: =D78*VLOOKUP(A78,Nhập入库!A:N,8,FALSE) -> 6 | G78: Bội Anh 倍英 | H78: Tum 阿庄 | I78: 8/11/2025 | J78: 0.81736111
A79: =VLOOKUP($C79,SKU!$A:$I,3,FALSE) -> 10011 | B79: =VLOOKUP($C79,SKU!$A:$I,2,FALSE) -> 灿卡文创宫崎骏第二弹《花涧物语》 | C79: Gibli Hoa | D79: 2 | E79: =D79*VLOOKUP(A79,Nhập入库!A:N,8,FALSE) -> 26 | G79: Thành Đạt 成达 | H79: Hoàng Oanh黄莹 | I79: 8/11/2025 | J79: 0.95833333
A80: =VLOOKUP($C80,SKU!$A:$I,3,FALSE) -> 10004 | B80: =VLOOKUP($C80,SKU!$A:$I,2,FALSE) -> 初见花海咒术回战第一弹 | C80: Jujutsu vol 1 | E80: =D80*VLOOKUP(A80,Nhập入库!A:N,8,FALSE) -> 0 | F80: 18 | G80: Vi 小薇 | H80: Trà My 茶梅 | I80: 9/11/2026 | J80: 0.39513889
A81: =VLOOKUP($C81,SKU!$A:$I,3,FALSE) -> 10047 | B81: =VLOOKUP($C81,SKU!$A:$I,2,FALSE) -> 提瓦特工坊·原神水晶色纸 | C81: Xưởng Teyvat Genshin Impact A6 | D81: 4 | E81: =D81*VLOOKUP(A81,Nhập入库!A:N,8,FALSE) -> 4 | G81: Như 小如 | H81: Dũng 阿勇 | I81: 9/11/2025 | J81: 0.39861111
A82: =VLOOKUP($C82,SKU!$A:$I,3,FALSE) -> 10011 | B82: =VLOOKUP($C82,SKU!$A:$I,2,FALSE) -> 灿卡文创宫崎骏第二弹《花涧物语》 | C82: Gibli Hoa | D82: 1 | E82: =D82*VLOOKUP(A82,Nhập入库!A:N,8,FALSE) -> 13 | G82: Thành Đạt 成达 | H82: Hoàng Oanh黄莹 | I82: 9/11/2025 | J82: 0.77083333
A83: =VLOOKUP($C83,SKU!$A:$I,3,FALSE) -> 10052 | B83: =VLOOKUP($C83,SKU!$A:$I,2,FALSE) -> 柯南洞悉包第五弹 | C83: Kayou Conan Vol 5 | D83: 5 | E83: =D83*VLOOKUP(A83,Nhập入库!A:N,8,FALSE) -> 90 | G83: Mimi | H83: Hoàng Oanh黄莹 | I83: 9/11/2025 | J83: 0.95833333
A84: =VLOOKUP($C84,SKU!$A:$I,3,FALSE) -> 10052 | B84: =VLOOKUP($C84,SKU!$A:$I,2,FALSE) -> 柯南洞悉包第五弹 | C84: Kayou Conan Vol 5 | D84: 3 | E84: =D84*VLOOKUP(A84,Nhập入库!A:N,8,FALSE) -> 54 | G84: Mimi | H84: Hoàng Oanh黄莹 | I84: 11/11/2025 | J84: 0.95833333
A85: =VLOOKUP($C85,SKU!$A:$I,3,FALSE) -> 10026 | B85: =VLOOKUP($C85,SKU!$A:$I,2,FALSE) -> 星恋文创·恋与深空《晦明交错之间》亚克力相框卡 | C85: Hải Minh LnD | D85: 19 | E85: =D85*VLOOKUP(A85,Nhập入库!A:N,8,FALSE) -> 19 | G85: Như 小如 | H85: Tum 阿庄 | I85: 12/11/2025 | J85: 0.10625
A86: =VLOOKUP($C86,SKU!$A:$I,3,FALSE) -> 10028 | B86: =VLOOKUP($C86,SKU!$A:$I,2,FALSE) -> 潮玩咔原神 尘世收藏卡 | C86: Trendy Toyka Genshin | E86: =D86*VLOOKUP(A86,Nhập入库!A:N,8,FALSE) -> 0 | F86: 29 | G86: Như 小如 | H86: Dũng 阿勇 | I86: 12/11/2025 | J86: 0.44444444
A87: =VLOOKUP($C87,SKU!$A:$I,3,FALSE) -> 10053 | B87: =VLOOKUP($C87,SKU!$A:$I,2,FALSE) -> 悦灵文创 《落花只为君》第三弹 | C87: Hoa rơi chỉ vì quân | E87: =D87*VLOOKUP(A87,Nhập入库!A:N,8,FALSE) -> 0 | F87: 79 | G87: Thanh 阿青 | H87: Dũng 阿勇 | I87: 12/11/2025 | J87: 0.4875
A88: =VLOOKUP($C88,SKU!$A:$I,3,FALSE) -> 10007 | B88: =VLOOKUP($C88,SKU!$A:$I,2,FALSE) -> kawaii宫崎骏梦幻之国 | C88: Kawaii Gibli | D88: 3 | E88: =D88*VLOOKUP(A88,Nhập入库!A:N,8,FALSE) -> 39 | G88: Mimi | H88: Dũng 阿勇 | I88: 12/11/2025 | J88: 0.49791667
A89: =VLOOKUP($C89,SKU!$A:$I,3,FALSE) -> 10007 | B89: =VLOOKUP($C89,SKU!$A:$I,2,FALSE) -> kawaii宫崎骏梦幻之国 | C89: Kawaii Gibli | D89: 3 | E89: =D89*VLOOKUP(A89,Nhập入库!A:N,8,FALSE) -> 39 | G89: Hà 小河 | H89: Dũng 阿勇 | I89: 12/11/2025 | J89: 0.49791667
A90: =VLOOKUP($C90,SKU!$A:$I,3,FALSE) -> 10046 | B90: =VLOOKUP($C90,SKU!$A:$I,2,FALSE) -> 夜灯 | C90: Đèn Gibli DIY | D90: 2 | E90: =D90*VLOOKUP(A90,Nhập入库!A:N,8,FALSE) -> 2 | G90: Như 小如 | H90: Trà My 茶梅 | I90: 12/11/2025 | J90: 0.41388889
A91: =VLOOKUP($C91,SKU!$A:$I,3,FALSE) -> 10007 | B91: =VLOOKUP($C91,SKU!$A:$I,2,FALSE) -> kawaii宫崎骏梦幻之国 | C91: Kawaii Gibli | D91: 4 | E91: =D91*VLOOKUP(A91,Nhập入库!A:N,8,FALSE) -> 52 | G91: Phước 小福 | H91: Dũng 阿勇 | I91: 12/11/2025 | J91: 0.51736111
A92: =VLOOKUP($C92,SKU!$A:$I,3,FALSE) -> 10007 | B92: =VLOOKUP($C92,SKU!$A:$I,2,FALSE) -> kawaii宫崎骏梦幻之国 | C92: Kawaii Gibli | E92: =D92*VLOOKUP(A92,Nhập入库!A:N,8,FALSE) -> 0 | F92: 24 | G92: Phước 小福 | H92: Dũng 阿勇 | I92: 12/11/2025 | J92: 0.52777778
A93: =VLOOKUP($C93,SKU!$A:$I,3,FALSE) -> 10007 | B93: =VLOOKUP($C93,SKU!$A:$I,2,FALSE) -> kawaii宫崎骏梦幻之国 | C93: Kawaii Gibli | D93: 3 | E93: =D93*VLOOKUP(A93,Nhập入库!A:N,8,FALSE) -> 39 | F93: 30 | G93: Vi 小薇 | H93: Dũng 阿勇 | I93: 12/11/2025 | J93: 0.52777778
A94: =VLOOKUP($C94,SKU!$A:$I,3,FALSE) -> 10007 | B94: =VLOOKUP($C94,SKU!$A:$I,2,FALSE) -> kawaii宫崎骏梦幻之国 | C94: Kawaii Gibli | D94: 2 | E94: =D94*VLOOKUP(A94,Nhập入库!A:N,8,FALSE) -> 26 | F94: 17 | G94: Như 小如 | H94: Dũng 阿勇 | I94: 12/11/2025 | J94: 0.53055556
A95: =VLOOKUP($C95,SKU!$A:$I,3,FALSE) -> 10007 | B95: =VLOOKUP($C95,SKU!$A:$I,2,FALSE) -> kawaii宫崎骏梦幻之国 | C95: Kawaii Gibli | E95: =D95*VLOOKUP(A95,Nhập入库!A:N,8,FALSE) -> 0 | F95: 25 | G95: Hà 小河 | H95: Dũng 阿勇 | I95: 12/11/2025 | J95: 0.53055556
A96: =VLOOKUP($C96,SKU!$A:$I,3,FALSE) -> 10007 | B96: =VLOOKUP($C96,SKU!$A:$I,2,FALSE) -> kawaii宫崎骏梦幻之国 | C96: Kawaii Gibli | E96: =D96*VLOOKUP(A96,Nhập入库!A:N,8,FALSE) -> 0 | F96: 7 | G96: Như 小如 | H96: Tum 阿庄 | I96: 12/11/2025 | J96: 0.69722222
A97: =VLOOKUP($C97,SKU!$A:$I,3,FALSE) -> 10011 | B97: =VLOOKUP($C97,SKU!$A:$I,2,FALSE) -> 灿卡文创宫崎骏第二弹《花涧物语》 | C97: Gibli Hoa | D97: 1 | E97: =D97*VLOOKUP(A97,Nhập入库!A:N,8,FALSE) -> 13 | G97: Thành Đạt 成达 | H97: Trà My 茶梅 | I97: 12/11/2025 | J97: 0.41388889
A98: =VLOOKUP($C98,SKU!$A:$I,3,FALSE) -> 10011 | B98: =VLOOKUP($C98,SKU!$A:$I,2,FALSE) -> 灿卡文创宫崎骏第二弹《花涧物语》 | C98: Gibli Hoa | E98: =D98*VLOOKUP(A98,Nhập入库!A:N,8,FALSE) -> 0 | F98: 40 | G98: Thành Đạt 成达 | H98: Trà My 茶梅 | I98: 12/11/2025 | J98: 0.43055556
A99: =VLOOKUP($C99,SKU!$A:$I,3,FALSE) -> 10011 | B99: =VLOOKUP($C99,SKU!$A:$I,2,FALSE) -> 灿卡文创宫崎骏第二弹《花涧物语》 | C99: Gibli Hoa | E99: =D99*VLOOKUP(A99,Nhập入库!A:N,8,FALSE) -> 0 | F99: 21 | G99: Trường Vũ 长宇 | H99: Trà My 茶梅 | I99: 12/11/2025 | J99: 0.43055556
A100: =VLOOKUP($C100,SKU!$A:$I,3,FALSE) -> 10037 | B100: =VLOOKUP($C100,SKU!$A:$I,2,FALSE) -> 磁吸邮票《咪咕咪咕&魔卡少女樱》 | C100: Madhouse Sakura phiếu tem | E100: =D100*VLOOKUP(A100,Nhập入库!A:N,8,FALSE) -> 0 | F100: 5 | G100: Bội Anh 倍英 | H100: Trà My 茶梅 | I100: 12/11/2025 | J100: 0.50208333
...

Sheet Điều hàng调货
A1: sku序列 SKU CODE | B1: 中文名 Tên tiếng Trung | C1: 英文/越文名 Tên tiếng Việt | D1: 数量/盒 SL hộp | E1: 整盒包数 SL (Pack/Tổng Hộp) | F1: 零散包数 Pack lẻ | G1: 从主播 Từ Host | H1: 到主播 Tới Host | I1: 登记人 Người điều | J1: 调货日期 Ngày điều | K1: 调货时间 Thời gian điều
A2: =VLOOKUP($C2,SKU!$A:$I,3,FALSE) -> 10003 | B2: =VLOOKUP($C2,SKU!$A:$I,2,FALSE) -> DUO米全新出品鬼灭之刃-柱合会议篇第二弹 | C2: DUO Kyn | D2: 0 | E2: =D2*VLOOKUP(A2,Nhập入库!A:N,8,FALSE) -> 0 | F2: 27 | G2: Hà 小河 | H2: Bội Anh 倍英
A3: =VLOOKUP($C3,SKU!$A:$I,3,FALSE) -> 10039 | B3: =VLOOKUP($C3,SKU!$A:$I,2,FALSE) -> 非凡航海王第五弹 | C3: OP Phi Phàm | D3: 0 | E3: =D3*VLOOKUP(A3,Nhập入库!A:N,8,FALSE) -> 0 | F3: 80 | G3: Trường Giang 长江 | H3: Thanh Hằng 青姮 | I3: Hoàng Oanh黄莹 | J3: 6/12/2025 | K3: 0.73819444
A4: =VLOOKUP($C4,SKU!$A:$I,3,FALSE) -> 10057 | B4: =VLOOKUP($C4,SKU!$A:$I,2,FALSE) -> 三丽鸥家族暖冬 | C4: Kabao Sanrio Gia tộc mùa đông ấm áp | D4: 0 | E4: =D4*VLOOKUP(A4,Nhập入库!A:N,8,FALSE) -> 0 | F4: 8 | G4: Bảo Ngọc 宝玉 | H4: Mỹ Nhàn 美嫻 | I4: Tum 阿庄 | J4: 6/12/2025 | K4: 0.88541667
A5: =VLOOKUP($C5,SKU!$A:$I,3,FALSE) -> 10039 | B5: =VLOOKUP($C5,SKU!$A:$I,2,FALSE) -> 非凡航海王第五弹 | C5: OP Phi Phàm | D5: 0 | E5: =D5*VLOOKUP(A5,Nhập入库!A:N,8,FALSE) -> 0 | F5: 22 | G5: Thanh Hằng 青姮 | H5: Test Live | I5: Hoàng Oanh黄莹 | J5: 6/12/2025 | K5: 0.73819444
A6: =VLOOKUP($C6,SKU!$A:$I,3,FALSE) -> 10039 | B6: =VLOOKUP($C6,SKU!$A:$I,2,FALSE) -> 非凡航海王第五弹 | C6: OP Phi Phàm | D6: 1 | E6: =D6*VLOOKUP(A6,Nhập入库!A:N,8,FALSE) -> 20 | G6: Thanh Hằng 青姮 | H6: Uyên Mai 媛梅 | I6: Xuân Nhi 春妮 | J6: 9/12/2025 | K6: 0.38194444
A7: =VLOOKUP($C7,SKU!$A:$I,3,FALSE) -> 10057 | B7: =VLOOKUP($C7,SKU!$A:$I,2,FALSE) -> 三丽鸥家族暖冬 | C7: Kabao Sanrio Gia tộc mùa đông ấm áp | D7: 1 | E7: =D7*VLOOKUP(A7,Nhập入库!A:N,8,FALSE) -> 10 | G7: Bảo Ngọc 宝玉 | H7: Thùy 阿锤 | I7: Xuân Nhi 春妮 | J7: 9/12/2025 | K7: 0.39791667
A8: =VLOOKUP($C8,SKU!$A:$I,3,FALSE) -> 10072 | B8: =VLOOKUP($C8,SKU!$A:$I,2,FALSE) -> 伴飞小鸟 | C8: Mô hình chim đồ chơi trang trí xe | D8: 2 | E8: =D8*VLOOKUP(A8,Nhập入库!A:N,8,FALSE) -> 2 | G8: Thùy 阿锤 | H8: Thành Đạt 成达 | I8: Xuân Nhi 春妮 | J8: 9/12/2025 | K8: 0.50555556
A9: =VLOOKUP($C9,SKU!$A:$I,3,FALSE) -> 10046 | B9: =VLOOKUP($C9,SKU!$A:$I,2,FALSE) -> 夜灯 | C9: Đèn Gibli DIY | D9: 3 | E9: =D9*VLOOKUP(A9,Nhập入库!A:N,8,FALSE) -> 3 | G9: Thùy 阿锤 | H9: Thành Đạt 成达 | I9: Xuân Nhi 春妮 | J9: 9/12/2025 | K9: 0.50555556
A10: =VLOOKUP($C10,SKU!$A:$I,3,FALSE) -> 10039 | B10: =VLOOKUP($C10,SKU!$A:$I,2,FALSE) -> 非凡航海王第五弹 | C10: OP Phi Phàm | D10: 1 | E10: =D10*VLOOKUP(A10,Nhập入库!A:N,8,FALSE) -> 20 | G10: Cẩm Giang 锦江 | H10: Thái Châu 泰珠 | I10: Hoàng 范范 | J10: 9/12/2025 | K10: 0.54166667
A11: =VLOOKUP($C11,SKU!$A:$I,3,FALSE) -> 10039 | B11: =VLOOKUP($C11,SKU!$A:$I,2,FALSE) -> 非凡航海王第五弹 | C11: OP Phi Phàm | D11: 1 | E11: =D11*VLOOKUP(A11,Nhập入库!A:N,8,FALSE) -> 20 | G11: Hoàng Anh黄英 | H11: Thành Đạt 成达 | I11: Xuân Nhi 春妮 | J11: 10/12/2025 | K11: 0.66736111
A12: =VLOOKUP($C12,SKU!$A:$I,3,FALSE) -> 10038 | B12: =VLOOKUP($C12,SKU!$A:$I,2,FALSE) -> 浮光工作室❤第三弹【夏风吻过你的睫毛】 | C12: LnD Gió hạ từng hôn mi em | D12: 0 | E12: =D12*VLOOKUP(A12,Nhập入库!A:N,8,FALSE) -> 0 | F12: 16 | G12: Thanh 阿青 | H12: Phương Thảo 芳草 | I12: Hoàng Oanh黄莹 | J12: 10/12/2025 | K12: 0.875
A13: =VLOOKUP($C13,SKU!$A:$I,3,FALSE) -> 10039 | B13: =VLOOKUP($C13,SKU!$A:$I,2,FALSE) -> 非凡航海王第五弹 | C13: OP Phi Phàm | D13: 0 | E13: =D13*VLOOKUP(A13,Nhập入库!A:N,8,FALSE) -> 0 | F13: 322 | G13: Bảo Ngọc 宝玉 | H13: Kiều Phượng 桥凤 | I13: Tum 阿庄 | J13: 10/12/2025 | K13: 0.95833333
A14: =VLOOKUP($C14,SKU!$A:$I,3,FALSE) -> 10039 | B14: =VLOOKUP($C14,SKU!$A:$I,2,FALSE) -> 非凡航海王第五弹 | C14: OP Phi Phàm | D14: 0 | E14: =D14*VLOOKUP(A14,Nhập入库!A:N,8,FALSE) -> 0 | F14: 111 | G14: Hà 小河 | H14: Như 小如 | I14: Tum 阿庄 | J14: 10/12/2025 | K14: 0.99236111
A15: =VLOOKUP($C15,SKU!$A:$I,3,FALSE) -> 10002 | B15: =VLOOKUP($C15,SKU!$A:$I,2,FALSE) -> MoonCard月卡《美少女战士》第三弹 | C15: Moon Card Sailor Moon | D15: 0 | E15: =D15*VLOOKUP(A15,Nhập入库!A:N,8,FALSE) -> 0 | F15: 49 | G15: Phước 小福 | H15: Minh Thư 明书 | I15: Tuyền 绚 | J15: 11/12/2025 | K15: 0.175
A16: =VLOOKUP($C16,SKU!$A:$I,3,FALSE) -> 10057 | B16: =VLOOKUP($C16,SKU!$A:$I,2,FALSE) -> 三丽鸥家族暖冬 | C16: Kabao Sanrio Gia tộc mùa đông ấm áp | D16: 0 | E16: =D16*VLOOKUP(A16,Nhập入库!A:N,8,FALSE) -> 0 | F16: 6 | G16: Mỹ Nhàn 美嫻 | H16: Thùy 阿锤 | I16: Xuân Nhi 春妮 | J16: 11/12/2025 | K16: 0.38680556
A17: =VLOOKUP($C17,SKU!$A:$I,3,FALSE) -> 10062 | B17: =VLOOKUP($C17,SKU!$A:$I,2,FALSE) -> Mobile Legends: Bang Bang-Collectible Cards-Hand of Destiny-001A-SEA | C17: Kayou Mobile Legend | D17: 1 | E17: =D17*VLOOKUP(A17,Nhập入库!A:N,8,FALSE) -> 20 | G17: Bội Anh 倍英 | H17: Uyên Mai 媛梅 | I17: Xuân Nhi 春妮 | J17: 11/12/2025 | K17: 0.52638889
A18: =VLOOKUP($C18,SKU!$A:$I,3,FALSE) -> 10002 | B18: =VLOOKUP($C18,SKU!$A:$I,2,FALSE) -> MoonCard月卡《美少女战士》第三弹 | C18: Moon Card Sailor Moon | D18: 0 | E18: =D18*VLOOKUP(A18,Nhập入库!A:N,8,FALSE) -> 0 | F18: 40 | G18: Thùy 阿锤 | H18: Thanh Vy 清薇 | I18: Tú phượng 苏凤 | J18: 11/12/2025 | K18: 0.625
A19: =VLOOKUP($C19,SKU!$A:$I,3,FALSE) -> 10072 | B19: =VLOOKUP($C19,SKU!$A:$I,2,FALSE) -> 伴飞小鸟 | C19: Mô hình chim đồ chơi trang trí xe | D19: 3 | E19: =D19*VLOOKUP(A19,Nhập入库!A:N,8,FALSE) -> 3 | G19: Thùy 阿锤 | H19: Thành Đạt 成达 | I19: Xuân Nhi 春妮 | J19: 11/12/2025 | K19: 0.58333333
A20: =VLOOKUP($C20,SKU!$A:$I,3,FALSE) -> 10057 | B20: =VLOOKUP($C20,SKU!$A:$I,2,FALSE) -> 三丽鸥家族暖冬 | C20: Kabao Sanrio Gia tộc mùa đông ấm áp | D20: 0 | E20: 0 | F20: 15 | G20: Bội Anh 倍英 | H20: Thùy 阿锤 | I20: Xuân Nhi 春妮 | J20: 11/12/2025 | K20: 0.60416667
A21: =VLOOKUP($C21,SKU!$A:$I,3,FALSE) -> 10060 | B21: =VLOOKUP($C21,SKU!$A:$I,2,FALSE) -> 漫の森《宫崎骏第三弹·奇幻之旅》 | C21: Manga Forest Ghibli vol 3 | D21: 0 | E21: 0 | F21: 10 | G21: Phước 小福 | H21: Thúy Phụng 翠凤 | I21: Xuân Nhi 春妮 | J21: 11/12/2025 | K21: 0.60763889
A22: =VLOOKUP($C22,SKU!$A:$I,3,FALSE) -> 10039 | B22: =VLOOKUP($C22,SKU!$A:$I,2,FALSE) -> 非凡航海王第五弹 | C22: OP Phi Phàm | D22: 2 | E22: 40 | G22: Uyên Mai 媛梅 | H22: Thúy Phụng 翠凤 | I22: Xuân Nhi 春妮 | J22: 11/12/2025 | K22: 0.60972222
A23: =VLOOKUP($C23,SKU!$A:$I,3,FALSE) -> 10075 | B23: =VLOOKUP($C23,SKU!$A:$I,2,FALSE) -> 《万卡卡文创》鬼灭之刃日轮破晓第一弹 | C23: Wanka Thanh gươm diệt quỷ ver Nhật luân | D23: 2 | E23: =D23*VLOOKUP(A23,Nhập入库!A:N,8,FALSE) -> 20 | G23: Thanh Vy 清薇 | H23: Vi 小薇 | I23: Hoàng Oanh黄莹 | J23: 12/12/2025 | K23: 0.92916667
A24: =VLOOKUP($C24,SKU!$A:$I,3,FALSE) -> 10075 | B24: =VLOOKUP($C24,SKU!$A:$I,2,FALSE) -> 《万卡卡文创》鬼灭之刃日轮破晓第一弹 | C24: Wanka Thanh gươm diệt quỷ ver Nhật luân | D24: 3 | E24: =D24*VLOOKUP(A24,Nhập入库!A:N,8,FALSE) -> 30 | G24: Mimi | H24: Vi 小薇 | I24: Hoàng Oanh黄莹 | J24: 12/12/2025 | K24: 0.98263889
A25: =VLOOKUP($C25,SKU!$A:$I,3,FALSE) -> 10008 | B25: =VLOOKUP($C25,SKU!$A:$I,2,FALSE) -> XWork美少女战士-璀璨之梦 | C25: X work Sailor Moon | E25: =D25*VLOOKUP(A25,Nhập入库!A:N,8,FALSE) -> 0 | F25: 36 | G25: Test Live | H25: Mỹ Nhàn 美嫻 | I25: Tum 阿庄 | J25: 11/12/2025 | K25: 0.83333333
A26: =VLOOKUP($C26,SKU!$A:$I,3,FALSE) -> 10037 | B26: =VLOOKUP($C26,SKU!$A:$I,2,FALSE) -> 磁吸邮票《咪咕咪咕&魔卡少女樱》 | C26: Madhouse Sakura phiếu tem | E26: =D26*VLOOKUP(A26,Nhập入库!A:N,8,FALSE) -> 0 | F26: 3 | G26: Kim Ngân 金银 | H26: Minh Thư 明书 | I26: Tuyền 绚 | J26: 13/12/2025 | K26: 0.20833333
A27: =VLOOKUP($C27,SKU!$A:$I,3,FALSE) -> 10039 | B27: =VLOOKUP($C27,SKU!$A:$I,2,FALSE) -> 非凡航海王第五弹 | C27: OP Phi Phàm | D27: 5 | E27: =D27*VLOOKUP(A27,Nhập入库!A:N,8,FALSE) -> 100 | G27: Test Live | H27: Phước 小福 | I27: Tuyền 绚 | J27: 13/12/2025 | K27: 0.20902778
A28: =VLOOKUP($C28,SKU!$A:$I,3,FALSE) -> 10007 | B28: =VLOOKUP($C28,SKU!$A:$I,2,FALSE) -> kawaii宫崎骏梦幻之国 | C28: Kawaii Gibli | D28: 0 | E28: =D28*VLOOKUP(A28,Nhập入库!A:N,8,FALSE) -> 0 | F28: 31 | G28: Mimi | H28: Hà chi 哈芝 | I28: Hoàng 范范 | J28: 12/12/2025 | K28: 0.48194444
A29: =VLOOKUP($C29,SKU!$A:$I,3,FALSE) -> 10007 | B29: =VLOOKUP($C29,SKU!$A:$I,2,FALSE) -> kawaii宫崎骏梦幻之国 | C29: Kawaii Gibli | D29: 0 | E29: =D29*VLOOKUP(A29,Nhập入库!A:N,8,FALSE) -> 0 | F29: 2 | G29: Như 小如 | H29: Hà chi 哈芝 | I29: Hoàng 范范 | J29: 12/12/2025 | K29: 0.48194444
A30: =VLOOKUP($C30,SKU!$A:$I,3,FALSE) -> 10035 | B30: =VLOOKUP($C30,SKU!$A:$I,2,FALSE) -> KK CARD × 新海诚系列第一弹 | C30: KK card Shinkai Makoto vol 1 | D30: 0 | E30: =D30*VLOOKUP(A30,Nhập入库!A:N,8,FALSE) -> 0 | F30: 14 | G30: Thái Châu 泰珠 | H30: Hà chi 哈芝 | I30: Tú phượng 苏凤 | J30: 13/12/2025 | K30: 0.375
A31: =VLOOKUP($C31,SKU!$A:$I,3,FALSE) -> 10018 | B31: =VLOOKUP($C31,SKU!$A:$I,2,FALSE) -> 圣月美少女战士星尘协奏曲长卡 | C31: Sacred Sailor Moon | D31: 0 | E31: =D31*VLOOKUP(A31,Nhập入库!A:N,8,FALSE) -> 0 | F31: 26 | G31: Thái Châu 泰珠 | H31: Hà chi 哈芝 | I31: Tú phượng 苏凤 | J31: 13/12/2025 | K31: 0.375
A32: =VLOOKUP($C32,SKU!$A:$I,3,FALSE) -> 10008 | B32: =VLOOKUP($C32,SKU!$A:$I,2,FALSE) -> XWork美少女战士-璀璨之梦 | C32: X work Sailor Moon | D32: 0 | E32: =D32*VLOOKUP(A32,Nhập入库!A:N,8,FALSE) -> 0 | F32: 10 | G32: Thái Châu 泰珠 | H32: Hà chi 哈芝 | I32: Tú phượng 苏凤 | J32: 13/12/2025 | K32: 0.375
A33: =VLOOKUP($C33,SKU!$A:$I,3,FALSE) -> 10046 | B33: =VLOOKUP($C33,SKU!$A:$I,2,FALSE) -> 夜灯 | C33: Đèn Gibli DIY | D33: 0 | E33: =D33*VLOOKUP(A33,Nhập入库!A:N,8,FALSE) -> 0 | F33: 3 | G33: Thái Châu 泰珠 | H33: Hà chi 哈芝 | I33: Tú phượng 苏凤 | J33: 13/12/2025 | K33: 0.375
A34: =VLOOKUP($C34,SKU!$A:$I,3,FALSE) -> 10029 | B34: =VLOOKUP($C34,SKU!$A:$I,2,FALSE) -> 樱花屋魔卡少女樱 | C34: Sakura House | D34: 0 | E34: =D34*VLOOKUP(A34,Nhập入库!A:N,8,FALSE) -> 0 | F34: 12 | G34: Thái Châu 泰珠 | H34: Hà chi 哈芝 | I34: Tú phượng 苏凤 | J34: 13/12/2025 | K34: 0.375
A35: =VLOOKUP($C35,SKU!$A:$I,3,FALSE) -> 10016 | B35: =VLOOKUP($C35,SKU!$A:$I,2,FALSE) -> 思梨普文创《hey!国王陛下》集换式艺术家典藏卡 | C35: Quàng Thượng | D35: 0 | E35: =D35*VLOOKUP(A35,Nhập入库!A:N,8,FALSE) -> 0 | F35: 8 | G35: Thái Châu 泰珠 | H35: Hà chi 哈芝 | I35: Tú phượng 苏凤 | J35: 13/12/2025 | K35: 0.375
A36: =VLOOKUP($C36,SKU!$A:$I,3,FALSE) -> 10043 | B36: =VLOOKUP($C36,SKU!$A:$I,2,FALSE) -> 光恋XR-披荆斩棘-美少女战士 | C36: XR Sailor Moon | D36: 0 | E36: =D36*VLOOKUP(A36,Nhập入库!A:N,8,FALSE) -> 0 | F36: 29 | G36: Thái Châu 泰珠 | H36: Hà chi 哈芝 | I36: Tú phượng 苏凤 | J36: 13/12/2025 | K36: 0.375
A37: =VLOOKUP($C37,SKU!$A:$I,3,FALSE) -> 10039 | B37: =VLOOKUP($C37,SKU!$A:$I,2,FALSE) -> 非凡航海王第五弹 | C37: OP Phi Phàm | E37: =D37*VLOOKUP(A37,Nhập入库!A:N,8,FALSE) -> 0 | F37: 7 | G37: Thái Châu 泰珠 | H37: Hà chi 哈芝 | I37: Tú phượng 苏凤 | J37: 13/12/2025 | K37: 0.375
A38: =VLOOKUP($C38,SKU!$A:$I,3,FALSE) -> 10048 | B38: =VLOOKUP($C38,SKU!$A:$I,2,FALSE) -> 奈良社《极昼漫游》美少女战士撕撕乐+异形小卡 | C38: Narasha Sailor Moon thẻ xé | D38: 0 | E38: =D38*VLOOKUP(A38,Nhập入库!A:N,8,FALSE) -> 0 | F38: 20 | G38: Vi 小薇 | H38: Thanh Vy 清薇 | I38: Trà My 茶梅 | J38: 13/12/2025 | K38: 0.59166667
A39: =VLOOKUP($C39,SKU!$A:$I,3,FALSE) -> 10039 | B39: =VLOOKUP($C39,SKU!$A:$I,2,FALSE) -> 非凡航海王第五弹 | C39: OP Phi Phàm | D39: 10 | E39: =D39*VLOOKUP(A39,Nhập入库!A:N,8,FALSE) -> 200 | G39: Mimi | H39: Như 小如 | I39: Tum 阿庄 | J39: 13/12/2025 | K39: 0.8
A40: =VLOOKUP($C40,SKU!$A:$I,3,FALSE) -> 10075 | B40: =VLOOKUP($C40,SKU!$A:$I,2,FALSE) -> 《万卡卡文创》鬼灭之刃日轮破晓第一弹 | C40: Wanka Thanh gươm diệt quỷ ver Nhật luân | D40: 2 | E40: =D40*VLOOKUP(A40,Nhập入库!A:N,8,FALSE) -> 20 | G40: Thanh Vy 清薇 | H40: Vi 小薇 | I40: Hoàng Oanh黄莹 | J40: 13/12/2025 | K40: 0.89513889
A41: =VLOOKUP($C41,SKU!$A:$I,3,FALSE) -> 10064 | B41: =VLOOKUP($C41,SKU!$A:$I,2,FALSE) -> 源宇宙崩铁色纸 | C41: Source Universe Honkai Star Rail A6 | E41: =D41*VLOOKUP(A41,Nhập入库!A:N,8,FALSE) -> 0 | F41: 17 | G41: Phước 小福 | H41: Như 小如 | I41: Tum 阿庄 | J41: 13/12/2025 | K41: 0.925
A42: =VLOOKUP($C42,SKU!$A:$I,3,FALSE) -> 10064 | B42: =VLOOKUP($C42,SKU!$A:$I,2,FALSE) -> 源宇宙崩铁色纸 | C42: Source Universe Honkai Star Rail A6 | E42: =D42*VLOOKUP(A42,Nhập入库!A:N,8,FALSE) -> 0 | F42: 8 | G42: Lệ Quyên 丽娟 | H42: Phước 小福 | I42: Tuyền 绚 | J42: 14/12/2025 | K42: 0.13333333
A43: =VLOOKUP($C43,SKU!$A:$I,3,FALSE) -> 10075 | B43: =VLOOKUP($C43,SKU!$A:$I,2,FALSE) -> 《万卡卡文创》鬼灭之刃日轮破晓第一弹 | C43: Wanka Thanh gươm diệt quỷ ver Nhật luân | D43: 1 | E43: =D43*VLOOKUP(A43,Nhập入库!A:N,8,FALSE) -> 10 | G43: Thành Đạt 成达 | H43: Uyên Mai 媛梅 | I43: Xuân Nhi 春妮 | J43: 14/12/2025 | K43: 0.46180556
A44: =VLOOKUP($C44,SKU!$A:$I,3,FALSE) -> 10077 | B44: =VLOOKUP($C44,SKU!$A:$I,2,FALSE) -> 多多文创原神第二弹卡砖—神眸再现 | C44: Genshin Impact World game | D44: 0 | E44: =D44*VLOOKUP(A44,Nhập入库!A:N,8,FALSE) -> 0 | F44: 10 | G44: Lệ Quyên 丽娟 | H44: Bội Anh 倍英 | I44: Xuân Nhi 春妮 | J44: 14/12/2025 | K44: 0.47916667
A45: =VLOOKUP($C45,SKU!$A:$I,3,FALSE) -> 10077 | B45: =VLOOKUP($C45,SKU!$A:$I,2,FALSE) -> 多多文创原神第二弹卡砖—神眸再现 | C45: Genshin Impact World game | D45: 0 | E45: =D45*VLOOKUP(A45,Nhập入库!A:N,8,FALSE) -> 0 | F45: 5 | G45: Bội Anh 倍英 | H45: Thúy Phụng 翠凤 | I45: Tú phượng 苏凤 | J45: 14/12/2025 | K45: 0.54722222
A46: =VLOOKUP($C46,SKU!$A:$I,3,FALSE) -> 10039 | B46: =VLOOKUP($C46,SKU!$A:$I,2,FALSE) -> 非凡航海王第五弹 | C46: OP Phi Phàm | D46: 0 | E46: =D46*VLOOKUP(A46,Nhập入库!A:N,8,FALSE) -> 0 | F46: 588 | G46: Cẩm Giang 锦江 | H46: Thúy Phụng 翠凤 | I46: Tú phượng 苏凤 | J46: 14/12/2025 | K46: 0.375
A47: =VLOOKUP($C47,SKU!$A:$I,3,FALSE) -> 10023 | B47: =VLOOKUP($C47,SKU!$A:$I,2,FALSE) -> 风信文创尘世相逢之约星光来信原神邮票第一弹 | C47: Tinh quang Genshin | D47: 0 | E47: =D47*VLOOKUP(A47,Nhập入库!A:N,8,FALSE) -> 0 | F47: 7 | G47: Cẩm Giang 锦江 | H47: Thúy Phụng 翠凤 | I47: Tú phượng 苏凤 | J47: 14/12/2025 | K47: 0.375
A48: =VLOOKUP($C48,SKU!$A:$I,3,FALSE) -> 10012 | B48: =VLOOKUP($C48,SKU!$A:$I,2,FALSE) -> 卡文化进击的巨人 | C48: Attack on Titan | D48: 3 | E48: =D48*VLOOKUP(A48,Nhập入库!A:N,8,FALSE) -> 90 | G48: Cẩm Giang 锦江 | H48: Thúy Phụng 翠凤 | I48: Tú phượng 苏凤 | J48: 14/12/2025 | K48: 0.375
A49: =VLOOKUP($C49,SKU!$A:$I,3,FALSE) -> 10014 | B49: =VLOOKUP($C49,SKU!$A:$I,2,FALSE) -> 星梦文创-Studio Ghibli宫崎骏撕撕乐系列 | C49: Tinh Mộng Gibli thẻ xé | D49: 12 | E49: =D49*VLOOKUP(A49,Nhập入库!A:N,8,FALSE) -> 36 | F49: 24 | G49: Cẩm Giang 锦江 | H49: Thúy Phụng 翠凤 | I49: Tú phượng 苏凤 | J49: 14/12/2025 | K49: 0.375
A50: =VLOOKUP($C50,SKU!$A:$I,3,FALSE) -> 10042 | B50: =VLOOKUP($C50,SKU!$A:$I,2,FALSE) -> 黄油小熊系列收藏卡第二弹 小熊的观察日记 | C50: Butterbear vol 2 | D50: 1 | E50: =D50*VLOOKUP(A50,Nhập入库!A:N,8,FALSE) -> 16 | F50: 15 | G50: Cẩm Giang 锦江 | H50: Thúy Phụng 翠凤 | I50: Tú phượng 苏凤 | J50: 14/12/2025 | K50: 0.375
A51: =VLOOKUP($C51,SKU!$A:$I,3,FALSE) -> 10057 | B51: =VLOOKUP($C51,SKU!$A:$I,2,FALSE) -> 三丽鸥家族暖冬 | C51: Kabao Sanrio Gia tộc mùa đông ấm áp | D51: 1 | E51: =D51*VLOOKUP(A51,Nhập入库!A:N,8,FALSE) -> 10 | G51: Bảo Ngọc 宝玉 | H51: Kim Ngân 金银 | I51: Trà My 茶梅 | J51: 14/12/2025 | K51: 0.55347222
A52: =VLOOKUP($C52,SKU!$A:$I,3,FALSE) -> 10089 | B52: =VLOOKUP($C52,SKU!$A:$I,2,FALSE) -> 星火线条小狗 | C52: Sao Hỏa Maltese | D52: 4 | E52: =D52*VLOOKUP(A52,Nhập入库!A:N,8,FALSE) -> 56 | G52: Minh Thư 明书 | H52: Mimi | I52: Trà My 茶梅 | J52: 14/12/2025 | K52: 0.625
A53: =VLOOKUP($C53,SKU!$A:$I,3,FALSE) -> 10039 | B53: =VLOOKUP($C53,SKU!$A:$I,2,FALSE) -> 非凡航海王第五弹 | C53: OP Phi Phàm | D53: 2 | E53: =D53*VLOOKUP(A53,Nhập入库!A:N,8,FALSE) -> 40 | G53: Phước 小福 | H53: Kim Ngân 金银 | I53: Trà My 茶梅 | J53: 14/12/2025 | K53: 0.625
A54: =VLOOKUP($C54,SKU!$A:$I,3,FALSE) -> 10085 | B54: =VLOOKUP($C54,SKU!$A:$I,2,FALSE) -> 火影忍者·手绘复刻撕撕乐 | C54: Naruto thẻ xé | D54: 0 | E54: =D54*VLOOKUP(A54,Nhập入库!A:N,8,FALSE) -> 0 | F54: 40 | G54: Phước 小福 | H54: Kiều Ngân 桥银 | I54: Trà My 茶梅 | J54: 14/12/2025 | K54: 0.58819444
A55: =VLOOKUP($C55,SKU!$A:$I,3,FALSE) -> 10016 | B55: =VLOOKUP($C55,SKU!$A:$I,2,FALSE) -> 思梨普文创《hey!国王陛下》集换式艺术家典藏卡 | C55: Quàng Thượng | D55: 2 | E55: =D55*VLOOKUP(A55,Nhập入库!A:N,8,FALSE) -> 20 | G55: Kim Ngân 金银 | H55: Kiều Ngân 桥银 | I55: Trà My 茶梅 | J55: 14/12/2025 | K55: 0.60208333
A56: =VLOOKUP($C56,SKU!$A:$I,3,FALSE) -> 10064 | B56: =VLOOKUP($C56,SKU!$A:$I,2,FALSE) -> 源宇宙崩铁色纸 | C56: Source Universe Honkai Star Rail A6 | D56: 0 | E56: =D56*VLOOKUP(A56,Nhập入库!A:N,8,FALSE) -> 0 | F56: 3 | G56: Phước 小福 | H56: Lệ Quyên 丽娟 | I56: Tum 阿庄 | J56: 14/12/2025 | K56: 0.73958333
A57: =VLOOKUP($C57,SKU!$A:$I,3,FALSE) -> 10039 | B57: =VLOOKUP($C57,SKU!$A:$I,2,FALSE) -> 非凡航海王第五弹 | C57: OP Phi Phàm | D57: 0 | E57: =D57*VLOOKUP(A57,Nhập入库!A:N,8,FALSE) -> 0 | F57: 289 | G57: Kiều Phượng 桥凤 | H57: Kiều Ngân 桥银 | I57: Trà My 茶梅 | J57: 14/12/2025 | K57: 0.74097222
A58: =VLOOKUP($C58,SKU!$A:$I,3,FALSE) -> 10064 | B58: =VLOOKUP($C58,SKU!$A:$I,2,FALSE) -> 源宇宙崩铁色纸 | C58: Source Universe Honkai Star Rail A6 | D58: 0 | E58: =D58*VLOOKUP(A58,Nhập入库!A:N,8,FALSE) -> 0 | F58: 4 | G58: Như 小如 | H58: Lệ Quyên 丽娟 | I58: Tum 阿庄 | J58: 14/12/2025 | K58: 0.74097222
A59: =VLOOKUP($C59,SKU!$A:$I,3,FALSE) -> 10075 | B59: =VLOOKUP($C59,SKU!$A:$I,2,FALSE) -> 《万卡卡文创》鬼灭之刃日轮破晓第一弹 | C59: Wanka Thanh gươm diệt quỷ ver Nhật luân | D59: 0 | E59: =D59*VLOOKUP(A59,Nhập入库!A:N,8,FALSE) -> 0 | F59: 10 | G59: Mimi | H59: Như 小如 | I59: Tum 阿庄 | J59: 14/12/2025 | K59: 0.74097222
A60: =VLOOKUP($C60,SKU!$A:$I,3,FALSE) -> 10075 | B60: =VLOOKUP($C60,SKU!$A:$I,2,FALSE) -> 《万卡卡文创》鬼灭之刃日轮破晓第一弹 | C60: Wanka Thanh gươm diệt quỷ ver Nhật luân | D60: 1 | E60: =D60*VLOOKUP(A60,Nhập入库!A:N,8,FALSE) -> 10 | G60: Thanh Hằng 青姮 | H60: Phương Thảo 芳草 | I60: Hoàng Oanh黄莹 | J60: 14/12/2025 | K60: 0.74097222
A61: =VLOOKUP($C61,SKU!$A:$I,3,FALSE) -> 10026 | B61: =VLOOKUP($C61,SKU!$A:$I,2,FALSE) -> 星恋文创·恋与深空《晦明交错之间》亚克力相框卡 | C61: Hải Minh LnD | D61: 10 | E61: =D61*VLOOKUP(A61,Nhập入库!A:N,8,FALSE) -> 10 | G61: Thành Đạt 成达 | H61: Phương Thảo 芳草 | I61: Hoàng Oanh黄莹 | J61: 14/12/2025 | K61: 0.83472222
A62: =VLOOKUP($C62,SKU!$A:$I,3,FALSE) -> 10064 | B62: =VLOOKUP($C62,SKU!$A:$I,2,FALSE) -> 源宇宙崩铁色纸 | C62: Source Universe Honkai Star Rail A6 | D62: 3 | E62: =D62*VLOOKUP(A62,Nhập入库!A:N,8,FALSE) -> 18 | G62: Bội Anh 倍英 | H62: Như 小如 | I62: Tum 阿庄 | J62: 14/12/2025 | K62: 0.91805556
A63: =VLOOKUP($C63,SKU!$A:$I,3,FALSE) -> 10064 | B63: =VLOOKUP($C63,SKU!$A:$I,2,FALSE) -> 源宇宙崩铁色纸 | C63: Source Universe Honkai Star Rail A6 | D63: 2 | E63: =D63*VLOOKUP(A63,Nhập入库!A:N,8,FALSE) -> 12 | G63: Bội Anh 倍英 | H63: Lệ Quyên 丽娟 | I63: Tum 阿庄 | J63: 14/12/2025 | K63: 0.91805556
A64: =VLOOKUP($C64,SKU!$A:$I,3,FALSE) -> 10016 | B64: =VLOOKUP($C64,SKU!$A:$I,2,FALSE) -> 思梨普文创《hey!国王陛下》集换式艺术家典藏卡 | C64: Quàng Thượng | E64: =D64*VLOOKUP(A64,Nhập入库!A:N,8,FALSE) -> 0 | F64: 18 | G64: Thanh 阿青 | H64: Vi 小薇 | I64: Hoàng Oanh黄莹 | J64: 11/12/2025 | K64: 0.84375
A65: =VLOOKUP($C65,SKU!$A:$I,3,FALSE) -> 10001 | B65: =VLOOKUP($C65,SKU!$A:$I,2,FALSE) -> 《东株社》宝可梦水晶砖 | C65: Pokemon | E65: =D65*VLOOKUP(A65,Nhập入库!A:N,8,FALSE) -> 0 | F65: 2 | G65: Mimi | H65: Lệ Quyên 丽娟 | I65: Tum 阿庄 | J65: 11/12/2025 | K65: 0.96875
A66: =VLOOKUP($C66,SKU!$A:$I,3,FALSE) -> 10075 | B66: =VLOOKUP($C66,SKU!$A:$I,2,FALSE) -> 《万卡卡文创》鬼灭之刃日轮破晓第一弹 | C66: Wanka Thanh gươm diệt quỷ ver Nhật luân | E66: =D66*VLOOKUP(A66,Nhập入库!A:N,8,FALSE) -> 0 | F66: 1 | G66: Mimi | H66: Lệ Quyên 丽娟 | I66: Tum 阿庄 | J66: 11/12/2025 | K66: 0.96875
A67: =VLOOKUP($C67,SKU!$A:$I,3,FALSE) -> 10066 | B67: =VLOOKUP($C67,SKU!$A:$I,2,FALSE) -> 卡游柯南揭秘包第2弹 | C67: Kayou Conan vol 2 (bánh quy) | D67: 2 | E67: =D67*VLOOKUP(A67,Nhập入库!A:N,8,FALSE) -> 72 | G67: Phước 小福 | H67: Minh Thư 明书 | I67: Tuyền 绚 | J67: 15/12/2025 | K67: 0.09375
A68: =VLOOKUP($C68,SKU!$A:$I,3,FALSE) -> 10075 | B68: =VLOOKUP($C68,SKU!$A:$I,2,FALSE) -> 《万卡卡文创》鬼灭之刃日轮破晓第一弹 | C68: Wanka Thanh gươm diệt quỷ ver Nhật luân | E68: =D68*VLOOKUP(A68,Nhập入库!A:N,8,FALSE) -> 0 | F68: 16 | G68: Kim Ngân 金银 | H68: Phước 小福 | I68: Tuyền 绚 | J68: 15/12/2025 | K68: 0.095833333
A69: =VLOOKUP($C69,SKU!$A:$I,3,FALSE) -> 10077 | B69: =VLOOKUP($C69,SKU!$A:$I,2,FALSE) -> 多多文创原神第二弹卡砖—神眸再现 | C69: Genshin Impact World game | E69: =D69*VLOOKUP(A69,Nhập入库!A:N,8,FALSE) -> 0 | F69: 20 | G69: Lệ Quyên 丽娟 | H69: Bội Anh 倍英 | I69: Xuân Nhi 春妮 | J69: 16/12/2025 | K69: 0.39583333
A70: =VLOOKUP($C70,SKU!$A:$I,3,FALSE) -> 10007 | B70: =VLOOKUP($C70,SKU!$A:$I,2,FALSE) -> kawaii宫崎骏梦幻之国 | C70: Kawaii Gibli | E70: =D70*VLOOKUP(A70,Nhập入库!A:N,8,FALSE) -> 0 | F70: 8 | G70: Phước 小福 | H70: Vi 小薇
A71: =VLOOKUP($C71,SKU!$A:$I,3,FALSE) -> 10089 | B71: =VLOOKUP($C71,SKU!$A:$I,2,FALSE) -> 星火线条小狗 | C71: Sao Hỏa Maltese | D71: 5 | E71: =D71*VLOOKUP(A71,Nhập入库!A:N,8,FALSE) -> 70 | G71: Minh Thư 明书 | H71: Thanh Vy 清薇 | I71: Trà My 茶梅 | J71: 16/12/2025 | K71: 0.40902778
A72: =VLOOKUP($C72,SKU!$A:$I,3,FALSE) -> 10033 | B72: =VLOOKUP($C72,SKU!$A:$I,2,FALSE) -> 慕光文创「一千次心动」系列撕撕乐 | C72: LnD thẻ xé Ngàn lần động tâm | E72: =D72*VLOOKUP(A72,Nhập入库!A:N,8,FALSE) -> 0 | F72: 9 | G72: Thanh Vy 清薇 | H72: Kiều Ngân 桥银 | I72: Trà My 茶梅 | J72: 16/12/2025 | K72: 0.40902778
A73: =VLOOKUP($C73,SKU!$A:$I,3,FALSE) -> 10066 | B73: =VLOOKUP($C73,SKU!$A:$I,2,FALSE) -> 卡游柯南揭秘包第2弹 | C73: Kayou Conan vol 2 (bánh quy) | D73: 1 | E73: =D73*VLOOKUP(A73,Nhập入库!A:N,8,FALSE) -> 36 | F73: 40 | G73: Kim Ngân 金银 | H73: Thanh Vy 清薇 | I73: Trà My 茶梅 | J73: 16/12/2025 | K73: 0.55833333
A74: =VLOOKUP($C74,SKU!$A:$I,3,FALSE) -> 10016 | B74: =VLOOKUP($C74,SKU!$A:$I,2,FALSE) -> 思梨普文创《hey!国王陛下》集换式艺术家典藏卡 | C74: Quàng Thượng | D74: 1 | E74: =D74*VLOOKUP(A74,Nhập入库!A:N,8,FALSE) -> 10 | G74: Thanh Hằng 青姮 | H74: Phương Thảo 芳草 | I74: Hoàng Oanh黄莹 | J74: 14/12/2025 | K74: 0.73263889
A75: =VLOOKUP($C75,SKU!$A:$I,3,FALSE) -> 10089 | B75: =VLOOKUP($C75,SKU!$A:$I,2,FALSE) -> 星火线条小狗 | C75: Sao Hỏa Maltese | E75: =D75*VLOOKUP(A75,Nhập入库!A:N,8,FALSE) -> 0 | F75: 1 | G75: Mimi | H75: Thanh Vy 清薇 | I75: Trà My 茶梅 | J75: 16/12/2025 | K75: 0.69444444
A76: =VLOOKUP($C76,SKU!$A:$I,3,FALSE) -> 10075 | B76: =VLOOKUP($C76,SKU!$A:$I,2,FALSE) -> 《万卡卡文创》鬼灭之刃日轮破晓第一弹 | C76: Wanka Thanh gươm diệt quỷ ver Nhật luân | D76: 1 | E76: =D76*VLOOKUP(A76,Nhập入库!A:N,8,FALSE) -> 10 | G76: Thành Đạt 成达 | H76: Vi 小薇 | I76: Hoàng Oanh黄莹 | J76: 16/12/2025 | K76: 0.75
A77: =VLOOKUP($C77,SKU!$A:$I,3,FALSE) -> 10068 | B77: =VLOOKUP($C77,SKU!$A:$I,2,FALSE) -> 《竹影摇笺》耽美撕撕乐系列 | C77: Trúc Ảnh Dao Tiên thẻ xé đam mỹ | E77: =D77*VLOOKUP(A77,Nhập入库!A:N,8,FALSE) -> 0 | F77: 50 | G77: Phương Thảo 芳草 | H77: Thanh 阿青 | I77: Hoàng Oanh黄莹 | J77: 16/12/2025 | K77: 0.81319444
A78: =VLOOKUP($C78,SKU!$A:$I,3,FALSE) -> 10039 | B78: =VLOOKUP($C78,SKU!$A:$I,2,FALSE) -> 非凡航海王第五弹 | C78: OP Phi Phàm | E78: =D78*VLOOKUP(A78,Nhập入库!A:N,8,FALSE) -> 0 | F78: 13 | G78: Hà chi 哈芝 | H78: Test Live | I78: Tum 阿庄 | J78: 16/12/2025 | K78: 0.85486111
A79: =VLOOKUP($C79,SKU!$A:$I,3,FALSE) -> 10064 | B79: =VLOOKUP($C79,SKU!$A:$I,2,FALSE) -> 源宇宙崩铁色纸 | C79: Source Universe Honkai Star Rail A6 | E79: =D79*VLOOKUP(A79,Nhập入库!A:N,8,FALSE) -> 0 | F79: 17 | G79: Như 小如 | H79: Lệ Quyên 丽娟 | I79: Tum 阿庄 | J79: 16/12/2025 | K79: 0.89652778
A80: =VLOOKUP($C80,SKU!$A:$I,3,FALSE) -> 10001 | B80: =VLOOKUP($C80,SKU!$A:$I,2,FALSE) -> 《东株社》宝可梦水晶砖 | C80: Pokemon | E80: =D80*VLOOKUP(A80,Nhập入库!A:N,8,FALSE) -> 0 | F80: 2 | G80: Mimi | H80: Lệ Quyên 丽娟 | I80: Tum 阿庄 | J80: 16/12/2025 | K80: 0.97986111
A81: =VLOOKUP($C81,SKU!$A:$I,3,FALSE) -> 10089 | B81: =VLOOKUP($C81,SKU!$A:$I,2,FALSE) -> 星火线条小狗 | C81: Sao Hỏa Maltese | D81: 8 | E81: =D81*VLOOKUP(A81,Nhập入库!A:N,8,FALSE) -> 112 | G81: Minh Thư 明书 | H81: Phước 小福 | I81: Tuyền 绚 | J81: 17/12/2025 | K81: 0.20069444
A82: =VLOOKUP($C82,SKU!$A:$I,3,FALSE) -> 10057 | B82: =VLOOKUP($C82,SKU!$A:$I,2,FALSE) -> 三丽鸥家族暖冬 | C82: Kabao Sanrio Gia tộc mùa đông ấm áp | E82: =D82*VLOOKUP(A82,Nhập入库!A:N,8,FALSE) -> 0 | F82: 9 | G82: Kim Ngân 金银 | H82: Thùy 阿锤 | I82: Xuân Nhi 春妮 | J82: 17/12/2025 | K82: 0.40208333
A83: =VLOOKUP($C83,SKU!$A:$I,3,FALSE) -> 10077 | B83: =VLOOKUP($C83,SKU!$A:$I,2,FALSE) -> 多多文创原神第二弹卡砖—神眸再现 | C83: Genshin Impact World game | E83: =D83*VLOOKUP(A83,Nhập入库!A:N,8,FALSE) -> 0 | F83: 14 | G83: Như 小如 | H83: Bội Anh 倍英 | I83: Xuân Nhi 春妮 | J83: 17/12/2025 | K83: 0.42916667
A84: =VLOOKUP($C84,SKU!$A:$I,3,FALSE) -> 10060 | B84: =VLOOKUP($C84,SKU!$A:$I,2,FALSE) -> 漫の森《宫崎骏第三弹·奇幻之旅》 | C84: Manga Forest Ghibli vol 3 | D84: 1 | E84: =D84*VLOOKUP(A84,Nhập入库!A:N,8,FALSE) -> 13 | G84: Thành Đạt 成达 | H84: Uyên Mai 媛梅 | I84: Xuân Nhi 春妮 | J84: 17/12/2025 | K84: 0.47013889
A85: =VLOOKUP($C85,SKU!$A:$I,3,FALSE) -> 10075 | B85: =VLOOKUP($C85,SKU!$A:$I,2,FALSE) -> 《万卡卡文创》鬼灭之刃日轮破晓第一弹 | C85: Wanka Thanh gươm diệt quỷ ver Nhật luân | E85: =D85*VLOOKUP(A85,Nhập入库!A:N,8,FALSE) -> 0 | F85: 1 | G85: Mimi | H85: Kim Ngân 金银 | I85: Trà My 茶梅 | J85: 17/12/2025 | K85: 0.50972222
A86: =VLOOKUP($C86,SKU!$A:$I,3,FALSE) -> 10074 | B86: =VLOOKUP($C86,SKU!$A:$I,2,FALSE) -> 火萤文创【帷幕将倾】俊男唯美撕撕乐 | C86: Light bản tổng hợp BL thẻ xé | E86: =D86*VLOOKUP(A86,Nhập入库!A:N,8,FALSE) -> 0 | F86: 20 | G86: Thanh 阿青 | H86: Kiều Ngân 桥银 | I86: Trà My 茶梅 | J86: 17/12/2025 | K86: 0.44097222
A87: =VLOOKUP($C87,SKU!$A:$I,3,FALSE) -> 10039 | B87: =VLOOKUP($C87,SKU!$A:$I,2,FALSE) -> 非凡航海王第五弹 | C87: OP Phi Phàm | E87: =D87*VLOOKUP(A87,Nhập入库!A:N,8,FALSE) -> 0 | F87: 1 | G87: Phước 小福 | H87: Kim Ngân 金银 | I87: Trà My 茶梅 | J87: 17/12/2025 | K87: 0.44097222
A88: =VLOOKUP($C88,SKU!$A:$I,3,FALSE) -> 10089 | B88: =VLOOKUP($C88,SKU!$A:$I,2,FALSE) -> 星火线条小狗 | C88: Sao Hỏa Maltese | D88: 1 | E88: =D88*VLOOKUP(A88,Nhập入库!A:N,8,FALSE) -> 14 | F88: 24 | G88: Mỹ Nhàn 美嫻 | H88: Kim Ngân 金银 | I88: Trà My 茶梅 | J88: 17/12/2025 | K88: 0.51041667
A89: =VLOOKUP($C89,SKU!$A:$I,3,FALSE) -> 10074 | B89: =VLOOKUP($C89,SKU!$A:$I,2,FALSE) -> 火萤文创【帷幕将倾】俊男唯美撕撕乐 | C89: Light bản tổng hợp BL thẻ xé | E89: =D89*VLOOKUP(A89,Nhập入库!A:N,8,FALSE) -> 0 | F89: 15 | G89: Kiều Ngân 桥银 | H89: Thanh Vy 清薇 | I89: Trà My 茶梅 | J89: 17/12/2025 | K89: 0.54166667
A90: =VLOOKUP($C90,SKU!$A:$I,3,FALSE) -> 10035 | B90: =VLOOKUP($C90,SKU!$A:$I,2,FALSE) -> KK CARD × 新海诚系列第一弹 | C90: KK card Shinkai Makoto vol 1 | D90: 1 | E90: =D90*VLOOKUP(A90,Nhập入库!A:N,8,FALSE) -> 14 | F90: 3 | G90: Như 小如 | H90: Kim Ngân 金银 | I90: Trà My 茶梅 | J90: 17/12/2025 | K90: 0.69375
A91: =VLOOKUP($C91,SKU!$A:$I,3,FALSE) -> 10039 | B91: =VLOOKUP($C91,SKU!$A:$I,2,FALSE) -> 非凡航海王第五弹 | C91: OP Phi Phàm | D91: 10 | E91: =D91*VLOOKUP(A91,Nhập入库!A:N,8,FALSE) -> 200 | G91: Kim Ngân 金银 | H91: Như 小如 | I91: Tum 阿庄 | J91: 17/12/2025 | K91: 0.80347222
A92: =VLOOKUP($C92,SKU!$A:$I,3,FALSE) -> 10089 | B92: =VLOOKUP($C92,SKU!$A:$I,2,FALSE) -> 星火线条小狗 | C92: Sao Hỏa Maltese | D92: 1 | E92: =D92*VLOOKUP(A92,Nhập入库!A:N,8,FALSE) -> 14 | G92: Thúy Vy 翠薇 | H92: Như 小如 | I92: Tum 阿庄 | J92: 17/12/2025 | K92: 0.84513889
A93: =VLOOKUP($C93,SKU!$A:$I,3,FALSE) -> 10066 | B93: =VLOOKUP($C93,SKU!$A:$I,2,FALSE) -> 卡游柯南揭秘包第2弹 | C93: Kayou Conan vol 2 (bánh quy) | D93: 5 | E93: =D93*VLOOKUP(A93,Nhập入库!A:N,8,FALSE) -> 180 | G93: Lệ Quyên 丽娟 | H93: Mỹ Nhàn 美嫻 | I93: Tum 阿庄 | J93: 17/12/2025 | K93: 0.88680556
A94: =VLOOKUP($C94,SKU!$A:$I,3,FALSE) -> 10001 | B94: =VLOOKUP($C94,SKU!$A:$I,2,FALSE) -> 《东株社》宝可梦水晶砖 | C94: Pokemon | E94: =D94*VLOOKUP(A94,Nhập入库!A:N,8,FALSE) -> 0 | F94: 2 | G94: Mimi | H94: Lệ Quyên 丽娟 | I94: Tum 阿庄 | J94: 17/12/2025 | K94: 0.96805556
A95: =VLOOKUP($C95,SKU!$A:$I,3,FALSE) -> 10089 | B95: =VLOOKUP($C95,SKU!$A:$I,2,FALSE) -> 星火线条小狗 | C95: Sao Hỏa Maltese | E95: =D95*VLOOKUP(A95,Nhập入库!A:N,8,FALSE) -> 0 | F95: 56 | G95: Minh Thư 明书 | H95: Mỹ Nhàn 美嫻 | I95: Tum 阿庄 | J95: 17/12/2025 | K95: 0.96805556
A96: =VLOOKUP($C96,SKU!$A:$I,3,FALSE) -> 10066 | B96: =VLOOKUP($C96,SKU!$A:$I,2,FALSE) -> 卡游柯南揭秘包第2弹 | C96: Kayou Conan vol 2 (bánh quy) | D96: 1 | E96: =D96*VLOOKUP(A96,Nhập入库!A:N,8,FALSE) -> 36 | G96: Phước 小福 | H96: Minh Thư 明书 | I96: Tuyền 绚 | J96: 18/12/2025 | K96: 0.21805556
A97: =VLOOKUP($C97,SKU!$A:$I,3,FALSE) -> 10089 | B97: =VLOOKUP($C97,SKU!$A:$I,2,FALSE) -> 星火线条小狗 | C97: Sao Hỏa Maltese | D97: 2 | E97: =D97*VLOOKUP(A97,Nhập入库!A:N,8,FALSE) -> 28 | G97: Thanh Vy 清薇 | H97: Phước 小福 | I97: Tuyền 绚 | J97: 18/12/2025 | K97: 0.2375
A98: =VLOOKUP($C98,SKU!$A:$I,3,FALSE) -> 10089 | B98: =VLOOKUP($C98,SKU!$A:$I,2,FALSE) -> 星火线条小狗 | C98: Sao Hỏa Maltese | D98: 2 | E98: =D98*VLOOKUP(A98,Nhập入库!A:N,8,FALSE) -> 28 | G98: Thúy Vy 翠薇 | H98: Phước 小福 | I98: Tuyền 绚 | J98: 18/12/2025 | K98: 0.2375
A99: =VLOOKUP($C99,SKU!$A:$I,3,FALSE) -> 10039 | B99: =VLOOKUP($C99,SKU!$A:$I,2,FALSE) -> 非凡航海王第五弹 | C99: OP Phi Phàm | D99: 2 | E99: =D99*VLOOKUP(A99,Nhập入库!A:N,8,FALSE) -> 40 | G99: Kim Ngân 金银 | H99: Phước 小福 | I99: Tuyền 绚 | J99: 18/12/2025 | K99: 0.2375
A100: =VLOOKUP($C100,SKU!$A:$I,3,FALSE) -> 10075 | B100: =VLOOKUP($C100,SKU!$A:$I,2,FALSE) -> 《万卡卡文创》鬼灭之刃日轮破晓第一弹 | C100: Wanka Thanh gươm diệt quỷ ver Nhật luân | D100: 1 | E100: =D100*VLOOKUP(A100,Nhập入库!A:N,8,FALSE) -> 10 | G100: Thành Đạt 成达 | H100: Uyên Mai 媛梅 | I100: Xuân Nhi 春妮 | J100: 18/12/2025 | K100: 0.41666667
...

Sheet Host主播库存
A1: 日期 Ngày | B1: 主播 Host | C1: 运营 Vận hành | D1: 英文/越文名 Tên tiếng Việt | E1: 拿货盒数 SL lấy (hộp) | F1: 拿货包数 SL lấy (pack) | G1: 销售数量 SL tiêu thụ | H1: 回库包数 SL hoàn (pack) | I1: 直播间调货 Điều hàng | J1: 主播未回包数合计 SL còn lại của host | K1: SKU | L1: 中文名 Tên tiếng Trung
B2: Thùy 阿锤 | C2: Xuân Nhi 春妮 | D2: Wamder Roaming Sakura | E2: =SUMIFS(Xuất出库!D:D,Xuất出库!G:G,B2,Xuất出库!C:C,D2) -> 36 | F2: =SUMIFS(Xuất出库!E:E,Xuất出库!G:G,B2,Xuất出库!C:C,D2)+SUMIFS(Xuất出库!F:F,Xuất出库!G:G,B2,Xuất出库!C:C,D2) -> 491 | G2: =105+186+32+29+27 -> 379 | H2: =SUMIFS(Hoàn回库!E:E,Hoàn回库!G:G,B2,Hoàn回库!C:C,D2)+SUMIFS(Hoàn回库!F:F,Hoàn回库!G:G,B2,Hoàn回库!C:C,D2) -> 89 | I2: =SUMIFS('Điều hàng调货'!E:E,'Điều hàng调货'!A:A,K2,'Điều hàng调货'!G:G,B2)*-1+SUMIFS('Điều hàng调货'!E:E,'Điều hàng调货'!A:A,K2,'Điều hàng调货'!H:H,B2)+SUMIFS('Điều hàng调货'!F:F,'Điều hàng调货'!A:A,K2,'Điều hàng调货'!G:G,B2)*-1+SUMIFS('Điều hàng调货'!F:F,'Điều hàng调货'!A:A,K2,'Điều hàng调货'!H:H,B2) -> 0 | J2: =F2-G2-H2+I2 -> 23 | K2: =VLOOKUP($D2,SKU!$A:$I,3,FALSE) -> 10010 | L2: =VLOOKUP($D2,SKU!$A:$I,2,FALSE) -> 玩的入迷-魔卡少女樱第一弹—樱之绮遇
B3: Thùy 阿锤 | C3: Xuân Nhi 春妮 | D3: Quàng Thượng | E3: =SUMIFS(Xuất出库!D:D,Xuất出库!G:G,B3,Xuất出库!C:C,D3) -> 15 | F3: =SUMIFS(Xuất出库!E:E,Xuất出库!G:G,B3,Xuất出库!C:C,D3)+SUMIFS(Xuất出库!F:F,Xuất出库!G:G,B3,Xuất出库!C:C,D3) -> 150 | G3: 60 | H3: =SUMIFS(Hoàn回库!E:E,Hoàn回库!G:G,B3,Hoàn回库!C:C,D3)+SUMIFS(Hoàn回库!F:F,Hoàn回库!G:G,B3,Hoàn回库!C:C,D3) -> 22 | I3: =SUMIFS('Điều hàng调货'!E:E,'Điều hàng调货'!A:A,K3,'Điều hàng调货'!G:G,B3)*-1+SUMIFS('Điều hàng调货'!E:E,'Điều hàng调货'!A:A,K3,'Điều hàng调货'!H:H,B3)+SUMIFS('Điều hàng调货'!F:F,'Điều hàng调货'!A:A,K3,'Điều hàng调货'!G:G,B3)*-1+SUMIFS('Điều hàng调货'!F:F,'Điều hàng调货'!A:A,K3,'Điều hàng调货'!H:H,B3) -> -68 | J3: =F3-G3-H3+I3 -> 0 | K3: =VLOOKUP($D3,SKU!$A:$I,3,FALSE) -> 10016 | L3: =VLOOKUP($D3,SKU!$A:$I,2,FALSE) -> 思梨普文创《hey!国王陛下》集换式艺术家典藏卡
B4: Thùy 阿锤 | C4: Xuân Nhi 春妮 | D4: Sakura Card Fun | E4: =SUMIFS(Xuất出库!D:D,Xuất出库!G:G,B4,Xuất出库!C:C,D4) -> 31 | F4: =SUMIFS(Xuất出库!E:E,Xuất出库!G:G,B4,Xuất出库!C:C,D4)+SUMIFS(Xuất出库!F:F,Xuất出库!G:G,B4,Xuất出库!C:C,D4) -> 525 | G4: =11+9+163+18+18+1+48+53+65+41+5+1+77+15 -> 525 | H4: =SUMIFS(Hoàn回库!E:E,Hoàn回库!G:G,B4,Hoàn回库!C:C,D4)+SUMIFS(Hoàn回库!F:F,Hoàn回库!G:G,B4,Hoàn回库!C:C,D4) -> 0 | I4: =SUMIFS('Điều hàng调货'!E:E,'Điều hàng调货'!A:A,K4,'Điều hàng调货'!G:G,B4)*-1+SUMIFS('Điều hàng调货'!E:E,'Điều hàng调货'!A:A,K4,'Điều hàng调货'!H:H,B4)+SUMIFS('Điều hàng调货'!F:F,'Điều hàng调货'!A:A,K4,'Điều hàng调货'!G:G,B4)*-1+SUMIFS('Điều hàng调货'!F:F,'Điều hàng调货'!A:A,K4,'Điều hàng调货'!H:H,B4) -> 0 | J4: =F4-G4-H4+I4 -> 0 | K4: =VLOOKUP($D4,SKU!$A:$I,3,FALSE) -> 10020 | L4: =VLOOKUP($D4,SKU!$A:$I,2,FALSE) -> 集卡社小樱
B5: Thùy 阿锤 | C5: Xuân Nhi 春妮 | D5: Sacred Sailor Moon | E5: =SUMIFS(Xuất出库!D:D,Xuất出库!G:G,B5,Xuất出库!C:C,D5) -> 19 | F5: =SUMIFS(Xuất出库!E:E,Xuất出库!G:G,B5,Xuất出库!C:C,D5)+SUMIFS(Xuất出库!F:F,Xuất出库!G:G,B5,Xuất出库!C:C,D5) -> 247 | G5: =15+83+70+14+3 -> 185 | H5: =SUMIFS(Hoàn回库!E:E,Hoàn回库!G:G,B5,Hoàn回库!C:C,D5)+SUMIFS(Hoàn回库!F:F,Hoàn回库!G:G,B5,Hoàn回库!C:C,D5) -> 0 | I5: =SUMIFS('Điều hàng调货'!E:E,'Điều hàng调货'!A:A,K5,'Điều hàng调货'!G:G,B5)*-1+SUMIFS('Điều hàng调货'!E:E,'Điều hàng调货'!A:A,K5,'Điều hàng调货'!H:H,B5)+SUMIFS('Điều hàng调货'!F:F,'Điều hàng调货'!A:A,K5,'Điều hàng调货'!G:G,B5)*-1+SUMIFS('Điều hàng调货'!F:F,'Điều hàng调货'!A:A,K5,'Điều hàng调货'!H:H,B5) -> 0 | J5: =F5-G5-H5+I5 -> 62 | K5: =VLOOKUP($D5,SKU!$A:$I,3,FALSE) -> 10018 | L5: =VLOOKUP($D5,SKU!$A:$I,2,FALSE) -> 圣月美少女战士星尘协奏曲长卡
B6: Thùy 阿锤 | C6: Xuân Nhi 春妮 | D6: Sailor Shining | E6: =SUMIFS(Xuất出库!D:D,Xuất出库!G:G,B6,Xuất出库!C:C,D6) -> 24 | F6: =SUMIFS(Xuất出库!E:E,Xuất出库!G:G,B6,Xuất出库!C:C,D6)+SUMIFS(Xuất出库!F:F,Xuất出库!G:G,B6,Xuất出库!C:C,D6) -> 192 | G6: =59+74+59 -> 192 | H6: =SUMIFS(Hoàn回库!E:E,Hoàn回库!G:G,B6,Hoàn回库!C:C,D6)+SUMIFS(Hoàn回库!F:F,Hoàn回库!G:G,B6,Hoàn回库!C:C,D6) -> 0 | I6: =SUMIFS('Điều hàng调货'!E:E,'Điều hàng调货'!A:A,K6,'Điều hàng调货'!G:G,B6)*-1+SUMIFS('Điều hàng调货'!E:E,'Điều hàng调货'!A:A,K6,'Điều hàng调货'!H:H,B6)+SUMIFS('Điều hàng调货'!F:F,'Điều hàng调货'!A:A,K6,'Điều hàng调货'!G:G,B6)*-1+SUMIFS('Điều hàng调货'!F:F,'Điều hàng调货'!A:A,K6,'Điều hàng调货'!H:H,B6) -> 0 | J6: =F6-G6-H6+I6 -> 0 | K6: =VLOOKUP($D6,SKU!$A:$I,3,FALSE) -> 10022 | L6: =VLOOKUP($D6,SKU!$A:$I,2,FALSE) -> 【耀光·美少女战士】长卡卡砖
B7: Thùy 阿锤 | C7: Xuân Nhi 春妮 | D7: SK MĐTS phiếu tem | E7: =SUMIFS(Xuất出库!D:D,Xuất出库!G:G,B7,Xuất出库!C:C,D7) -> 24 | F7: =SUMIFS(Xuất出库!E:E,Xuất出库!G:G,B7,Xuất出库!C:C,D7)+SUMIFS(Xuất出库!F:F,Xuất出库!G:G,B7,Xuất出库!C:C,D7) -> 240 | G7: =24+105+44+67 -> 240 | H7: =SUMIFS(Hoàn回库!E:E,Hoàn回库!G:G,B7,Hoàn回库!C:C,D7)+SUMIFS(Hoàn回库!F:F,Hoàn回库!G:G,B7,Hoàn回库!C:C,D7) -> 0 | I7: =SUMIFS('Điều hàng调货'!E:E,'Điều hàng调货'!A:A,K7,'Điều hàng调货'!G:G,B7)*-1+SUMIFS('Điều hàng调货'!E:E,'Điều hàng调货'!A:A,K7,'Điều hàng调货'!H:H,B7)+SUMIFS('Điều hàng调货'!F:F,'Điều hàng调货'!A:A,K7,'Điều hàng调货'!G:G,B7)*-1+SUMIFS('Điều hàng调货'!F:F,'Điều hàng调货'!A:A,K7,'Điều hàng调货'!H:H,B7) -> 0 | J7: =F7-G7-H7+I7 -> 0 | K7: =VLOOKUP($D7,SKU!$A:$I,3,FALSE) -> 10031 | L7: =VLOOKUP($D7,SKU!$A:$I,2,FALSE) -> 胜卡文创x魔道祖师云深不忘邮票评级卡砖
B8: Thùy 阿锤 | C8: Xuân Nhi 春妮 | D8: Mộng ảnh Hắc Quản Gia | E8: =SUMIFS(Xuất出库!D:D,Xuất出库!G:G,B8,Xuất出库!C:C,D8) -> 31 | F8: =SUMIFS(Xuất出库!E:E,Xuất出库!G:G,B8,Xuất出库!C:C,D8)+SUMIFS(Xuất出库!F:F,Xuất出库!G:G,B8,Xuất出库!C:C,D8) -> 404 | G8: =13+3+17+72+83 -> 188 | H8: =SUMIFS(Hoàn回库!E:E,Hoàn回库!G:G,B8,Hoàn回库!C:C,D8)+SUMIFS(Hoàn回库!F:F,Hoàn回库!G:G,B8,Hoàn回库!C:C,D8) -> 71 | I8: =SUMIFS('Điều hàng调货'!E:E,'Điều hàng调货'!A:A,K8,'Điều hàng调货'!G:G,B8)*-1+SUMIFS('Điều hàng调货'!E:E,'Điều hàng调货'!A:A,K8,'Điều hàng调货'!H:H,B8)+SUMIFS('Điều hàng调货'!F:F,'Điều hàng调货'!A:A,K8,'Điều hàng调货'!G:G,B8)*-1+SUMIFS('Điều hàng调货'!F:F,'Điều hàng调货'!A:A,K8,'Điều hàng调货'!H:H,B8) -> 0 | J8: =F8-G8-H8+I8 -> 145 | K8: =VLOOKUP($D8,SKU!$A:$I,3,FALSE) -> 10030 | L8: =VLOOKUP($D8,SKU!$A:$I,2,FALSE) -> 梦影动漫黑执事-典藏版收藏卡牌
B9: Thùy 阿锤 | C9: Xuân Nhi 春妮 | D9: Madhouse Sakura phiếu tem | E9: =SUMIFS(Xuất出库!D:D,Xuất出库!G:G,B9,Xuất出库!C:C,D9) -> 50 | F9: =SUMIFS(Xuất出库!E:E,Xuất出库!G:G,B9,Xuất出库!C:C,D9)+SUMIFS(Xuất出库!F:F,Xuất出库!G:G,B9,Xuất出库!C:C,D9) -> 50 | G9: =1+2+7 -> 10 | H9: =SUMIFS(Hoàn回库!E:E,Hoàn回库!G:G,B9,Hoàn回库!C:C,D9)+SUMIFS(Hoàn回库!F:F,Hoàn回库!G:G,B9,Hoàn回库!C:C,D9) -> 40 | I9: =SUMIFS('Điều hàng调货'!E:E,'Điều hàng调货'!A:A,K9,'Điều hàng调货'!G:G,B9)*-1+SUMIFS('Điều hàng调货'!E:E,'Điều hàng调货'!A:A,K9,'Điều hàng调货'!H:H,B9)+SUMIFS('Điều hàng调货'!F:F,'Điều hàng调货'!A:A,K9,'Điều hàng调货'!G:G,B9)*-1+SUMIFS('Điều hàng调货'!F:F,'Điều hàng调货'!A:A,K9,'Điều hàng调货'!H:H,B9) -> 0 | J9: =F9-G9-H9+I9 -> 0 | K9: =VLOOKUP($D9,SKU!$A:$I,3,FALSE) -> 10037 | L9: =VLOOKUP($D9,SKU!$A:$I,2,FALSE) -> 磁吸邮票《咪咕咪咕&魔卡少女樱》
B10: Thùy 阿锤 | C10: Xuân Nhi 春妮 | D10: Mộng cảnh Sailor Moon | E10: =SUMIFS(Xuất出库!D:D,Xuất出库!G:G,B10,Xuất出库!C:C,D10) -> 28 | F10: =SUMIFS(Xuất出库!E:E,Xuất出库!G:G,B10,Xuất出库!C:C,D10)+SUMIFS(Xuất出库!F:F,Xuất出库!G:G,B10,Xuất出库!C:C,D10) -> 410 | G10: =9+43+9+46+14+56+31+47+70-10+17 -> 332 | H10: =SUMIFS(Hoàn回库!E:E,Hoàn回库!G:G,B10,Hoàn回库!C:C,D10)+SUMIFS(Hoàn回库!F:F,Hoàn回库!G:G,B10,Hoàn回库!C:C,D10) -> 78 | I10: =SUMIFS('Điều hàng调货'!E:E,'Điều hàng调货'!A:A,K10,'Điều hàng调货'!G:G,B10)*-1+SUMIFS('Điều hàng调货'!E:E,'Điều hàng调货'!A:A,K10,'Điều hàng调货'!H:H,B10)+SUMIFS('Điều hàng调货'!F:F,'Điều hàng调货'!A:A,K10,'Điều hàng调货'!G:G,B10)*-1+SUMIFS('Điều hàng调货'!F:F,'Điều hàng调货'!A:A,K10,'Điều hàng调货'!H:H,B10) -> 0 | J10: =F10-G10-H10+I10 -> 0 | K10: =VLOOKUP($D10,SKU!$A:$I,3,FALSE) -> 10017 | L10: =VLOOKUP($D10,SKU!$A:$I,2,FALSE) -> 梦境-美少女战士第一弹
B11: Thùy 阿锤 | C11: Xuân Nhi 春妮 | D11: KK card Shinkai Makoto vol 1 | E11: =SUMIFS(Xuất出库!D:D,Xuất出库!G:G,B11,Xuất出库!C:C,D11) -> 5 | F11: =SUMIFS(Xuất出库!E:E,Xuất出库!G:G,B11,Xuất出库!C:C,D11)+SUMIFS(Xuất出库!F:F,Xuất出库!G:G,B11,Xuất出库!C:C,D11) -> 70 | G11: 29 | H11: =SUMIFS(Hoàn回库!E:E,Hoàn回库!G:G,B11,Hoàn回库!C:C,D11)+SUMIFS(Hoàn回库!F:F,Hoàn回库!G:G,B11,Hoàn回库!C:C,D11) -> 41 | I11: =SUMIFS('Điều hàng调货'!E:E,'Điều hàng调货'!A:A,K11,'Điều hàng调货'!G:G,B11)*-1+SUMIFS('Điều hàng调货'!E:E,'Điều hàng调货'!A:A,K11,'Điều hàng调货'!H:H,B11)+SUMIFS('Điều hàng调货'!F:F,'Điều hàng调货'!A:A,K11,'Điều hàng调货'!G:G,B11)*-1+SUMIFS('Điều hàng调货'!F:F,'Điều hàng调货'!A:A,K11,'Điều hàng调货'!H:H,B11) -> 0 | J11: =F11-G11-H11+I11 -> 0 | K11: =VLOOKUP($D11,SKU!$A:$I,3,FALSE) -> 10035 | L11: =VLOOKUP($D11,SKU!$A:$I,2,FALSE) -> KK CARD × 新海诚系列第一弹
B12: Thùy 阿锤 | C12: Xuân Nhi 春妮 | D12: Sakura House | E12: =SUMIFS(Xuất出库!D:D,Xuất出库!G:G,B12,Xuất出库!C:C,D12) -> 44 | F12: =SUMIFS(Xuất出库!E:E,Xuất出库!G:G,B12,Xuất出库!C:C,D12)+SUMIFS(Xuất出库!F:F,Xuất出库!G:G,B12,Xuất出库!C:C,D12) -> 648 | G12: 553 | H12: =SUMIFS(Hoàn回库!E:E,Hoàn回库!G:G,B12,Hoàn回库!C:C,D12)+SUMIFS(Hoàn回库!F:F,Hoàn回库!G:G,B12,Hoàn回库!C:C,D12) -> 117 | I12: =SUMIFS('Điều hàng调货'!E:E,'Điều hàng调货'!A:A,K12,'Điều hàng调货'!G:G,B12)*-1+SUMIFS('Điều hàng调货'!E:E,'Điều hàng调货'!A:A,K12,'Điều hàng调货'!H:H,B12)+SUMIFS('Điều hàng调货'!F:F,'Điều hàng调货'!A:A,K12,'Điều hàng调货'!G:G,B12)*-1+SUMIFS('Điều hàng调货'!F:F,'Điều hàng调货'!A:A,K12,'Điều hàng调货'!H:H,B12) -> 61 | J12: =F12-G12-H12+I12 -> 39 | K12: =VLOOKUP($D12,SKU!$A:$I,3,FALSE) -> 10029 | L12: =VLOOKUP($D12,SKU!$A:$I,2,FALSE) -> 樱花屋魔卡少女樱
B13: Thùy 阿锤 | C13: Xuân Nhi 春妮 | D13: Kuka Maltese | E13: =SUMIFS(Xuất出库!D:D,Xuất出库!G:G,B13,Xuất出库!C:C,D13) -> 46 | F13: =SUMIFS(Xuất出库!E:E,Xuất出库!G:G,B13,Xuất出库!C:C,D13)+SUMIFS(Xuất出库!F:F,Xuất出库!G:G,B13,Xuất出库!C:C,D13) -> 295 | G13: =55-37+221 -> 239 | H13: =SUMIFS(Hoàn回库!E:E,Hoàn回库!G:G,B13,Hoàn回库!C:C,D13)+SUMIFS(Hoàn回库!F:F,Hoàn回库!G:G,B13,Hoàn回库!C:C,D13) -> 56 | I13: =SUMIFS('Điều hàng调货'!E:E,'Điều hàng调货'!A:A,K13,'Điều hàng调货'!G:G,B13)*-1+SUMIFS('Điều hàng调货'!E:E,'Điều hàng调货'!A:A,K13,'Điều hàng调货'!H:H,B13)+SUMIFS('Điều hàng调货'!F:F,'Điều hàng调货'!A:A,K13,'Điều hàng调货'!G:G,B13)*-1+SUMIFS('Điều hàng调货'!F:F,'Điều hàng调货'!A:A,K13,'Điều hàng调货'!H:H,B13) -> 0 | J13: =F13-G13-H13+I13 -> 0 | K13: =VLOOKUP($D13,SKU!$A:$I,3,FALSE) -> 10040 | L13: =VLOOKUP($D13,SKU!$A:$I,2,FALSE) -> 酷卡文化-线条小狗3弹
B14: Thùy 阿锤 | C14: Xuân Nhi 春妮 | D14: XR Sailor Moon | E14: =SUMIFS(Xuất出库!D:D,Xuất出库!G:G,B14,Xuất出库!C:C,D14) -> 35 | F14: =SUMIFS(Xuất出库!E:E,Xuất出库!G:G,B14,Xuất出库!C:C,D14)+SUMIFS(Xuất出库!F:F,Xuất出库!G:G,B14,Xuất出库!C:C,D14) -> 455 | G14: =71+13+13+72+25+9+3+2 -> 208 | H14: =SUMIFS(Hoàn回库!E:E,Hoàn回库!G:G,B14,Hoàn回库!C:C,D14)+SUMIFS(Hoàn回库!F:F,Hoàn回库!G:G,B14,Hoàn回库!C:C,D14) -> 0 | I14: =SUMIFS('Điều hàng调货'!E:E,'Điều hàng调货'!A:A,K14,'Điều hàng调货'!G:G,B14)*-1+SUMIFS('Điều hàng调货'!E:E,'Điều hàng调货'!A:A,K14,'Điều hàng调货'!H:H,B14)+SUMIFS('Điều hàng调货'!F:F,'Điều hàng调货'!A:A,K14,'Điều hàng调货'!G:G,B14)*-1+SUMIFS('Điều hàng调货'!F:F,'Điều hàng调货'!A:A,K14,'Điều hàng调货'!H:H,B14) -> 0 | J14: =F14-G14-H14+I14 -> 247 | K14: =VLOOKUP($D14,SKU!$A:$I,3,FALSE) -> 10043 | L14: =VLOOKUP($D14,SKU!$A:$I,2,FALSE) -> 光恋XR-披荆斩棘-美少女战士
B15: Thùy 阿锤 | C15: Xuân Nhi 春妮 | D15: Quân sơn TQTP | E15: =SUMIFS(Xuất出库!D:D,Xuất出库!G:G,B15,Xuất出库!C:C,D15) -> 150 | F15: =SUMIFS(Xuất出库!E:E,Xuất出库!G:G,B15,Xuất出库!C:C,D15)+SUMIFS(Xuất出库!F:F,Xuất出库!G:G,B15,Xuất出库!C:C,D15) -> 150 | G15: 150 | H15: =SUMIFS(Hoàn回库!E:E,Hoàn回库!G:G,B15,Hoàn回库!C:C,D15)+SUMIFS(Hoàn回库!F:F,Hoàn回库!G:G,B15,Hoàn回库!C:C,D15) -> 0 | I15: =SUMIFS('Điều hàng调货'!E:E,'Điều hàng调货'!A:A,K15,'Điều hàng调货'!G:G,B15)*-1+SUMIFS('Điều hàng调货'!E:E,'Điều hàng调货'!A:A,K15,'Điều hàng调货'!H:H,B15)+SUMIFS('Điều hàng调货'!F:F,'Điều hàng调货'!A:A,K15,'Điều hàng调货'!G:G,B15)*-1+SUMIFS('Điều hàng调货'!F:F,'Điều hàng调货'!A:A,K15,'Điều hàng调货'!H:H,B15) -> 0 | J15: =F15-G15-H15+I15 -> 0 | K15: =VLOOKUP($D15,SKU!$A:$I,3,FALSE) -> 10025 | L15: =VLOOKUP($D15,SKU!$A:$I,2,FALSE) -> 君屹文化耽美古风收藏新纪元《言辞忆梦》撕撕乐
B16: Thùy 阿锤 | C16: Xuân Nhi 春妮 | D16: X work Sailor Moon | E16: =SUMIFS(Xuất出库!D:D,Xuất出库!G:G,B16,Xuất出库!C:C,D16) -> 10 | F16: =SUMIFS(Xuất出库!E:E,Xuất出库!G:G,B16,Xuất出库!C:C,D16)+SUMIFS(Xuất出库!F:F,Xuất出库!G:G,B16,Xuất出库!C:C,D16) -> 100 | G16: =25+11 -> 36 | H16: =SUMIFS(Hoàn回库!E:E,Hoàn回库!G:G,B16,Hoàn回库!C:C,D16)+SUMIFS(Hoàn回库!F:F,Hoàn回库!G:G,B16,Hoàn回库!C:C,D16) -> 0 | I16: =SUMIFS('Điều hàng调货'!E:E,'Điều hàng调货'!A:A,K16,'Điều hàng调货'!G:G,B16)*-1+SUMIFS('Điều hàng调货'!E:E,'Điều hàng调货'!A:A,K16,'Điều hàng调货'!H:H,B16)+SUMIFS('Điều hàng调货'!F:F,'Điều hàng调货'!A:A,K16,'Điều hàng调货'!G:G,B16)*-1+SUMIFS('Điều hàng调货'!F:F,'Điều hàng调货'!A:A,K16,'Điều hàng调货'!H:H,B16) -> 0 | J16: =F16-G16-H16+I16 -> 64 | K16: =VLOOKUP($D16,SKU!$A:$I,3,FALSE) -> 10008 | L16: =VLOOKUP($D16,SKU!$A:$I,2,FALSE) -> XWork美少女战士-璀璨之梦
B17: Thùy 阿锤 | C17: Xuân Nhi 春妮 | D17: Mộng ảnh Hắc Quản Gia | E17: =SUMIFS(Xuất出库!D:D,Xuất出库!G:G,B17,Xuất出库!C:C,D17) -> 31 | F17: =SUMIFS(Xuất出库!E:E,Xuất出库!G:G,B17,Xuất出库!C:C,D17)+SUMIFS(Xuất出库!F:F,Xuất出库!G:G,B17,Xuất出库!C:C,D17) -> 404 | G17: =65-21+76+65 -> 185 | H17: =SUMIFS(Hoàn回库!E:E,Hoàn回库!G:G,B17,Hoàn回库!C:C,D17)+SUMIFS(Hoàn回库!F:F,Hoàn回库!G:G,B17,Hoàn回库!C:C,D17) -> 71 | I17: =SUMIFS('Điều hàng调货'!E:E,'Điều hàng调货'!A:A,K17,'Điều hàng调货'!G:G,B17)*-1+SUMIFS('Điều hàng调货'!E:E,'Điều hàng调货'!A:A,K17,'Điều hàng调货'!H:H,B17)+SUMIFS('Điều hàng调货'!F:F,'Điều hàng调货'!A:A,K17,'Điều hàng调货'!G:G,B17)*-1+SUMIFS('Điều hàng调货'!F:F,'Điều hàng调货'!A:A,K17,'Điều hàng调货'!H:H,B17) -> 0 | J17: =F17-G17-H17+I17 -> 148 | K17: =VLOOKUP($D17,SKU!$A:$I,3,FALSE) -> 10030 | L17: =VLOOKUP($D17,SKU!$A:$I,2,FALSE) -> 梦影动漫黑执事-典藏版收藏卡牌
B18: Thùy 阿锤 | C18: Xuân Nhi 春妮 | D18: Hoàng tử bé và Alice | E18: =SUMIFS(Xuất出库!D:D,Xuất出库!G:G,B18,Xuất出库!C:C,D18) -> 24 | F18: =SUMIFS(Xuất出库!E:E,Xuất出库!G:G,B18,Xuất出库!C:C,D18)+SUMIFS(Xuất出库!F:F,Xuất出库!G:G,B18,Xuất出库!C:C,D18) -> 288 | G18: 288 | H18: =SUMIFS(Hoàn回库!E:E,Hoàn回库!G:G,B18,Hoàn回库!C:C,D18)+SUMIFS(Hoàn回库!F:F,Hoàn回库!G:G,B18,Hoàn回库!C:C,D18) -> 0 | I18: =SUMIFS('Điều hàng调货'!E:E,'Điều hàng调货'!A:A,K18,'Điều hàng调货'!G:G,B18)*-1+SUMIFS('Điều hàng调货'!E:E,'Điều hàng调货'!A:A,K18,'Điều hàng调货'!H:H,B18)+SUMIFS('Điều hàng调货'!F:F,'Điều hàng调货'!A:A,K18,'Điều hàng调货'!G:G,B18)*-1+SUMIFS('Điều hàng调货'!F:F,'Điều hàng调货'!A:A,K18,'Điều hàng调货'!H:H,B18) -> 0 | J18: =F18-G18-H18+I18 -> 0 | K18: =VLOOKUP($D18,SKU!$A:$I,3,FALSE) -> 10050 | L18: =VLOOKUP($D18,SKU!$A:$I,2,FALSE) -> 小王子与爱丽丝
B19: Thùy 阿锤 | C19: Xuân Nhi 春妮 | D19: Nanka Sakura | E19: =SUMIFS(Xuất出库!D:D,Xuất出库!G:G,B19,Xuất出库!C:C,D19) -> 23 | F19: =SUMIFS(Xuất出库!E:E,Xuất出库!G:G,B19,Xuất出库!C:C,D19)+SUMIFS(Xuất出库!F:F,Xuất出库!G:G,B19,Xuất出库!C:C,D19) -> 299 | G19: =37+7+1 -> 45 | H19: =SUMIFS(Hoàn回库!E:E,Hoàn回库!G:G,B19,Hoàn回库!C:C,D19)+SUMIFS(Hoàn回库!F:F,Hoàn回库!G:G,B19,Hoàn回库!C:C,D19) -> 251 | I19: =SUMIFS('Điều hàng调货'!E:E,'Điều hàng调货'!A:A,K19,'Điều hàng调货'!G:G,B19)*-1+SUMIFS('Điều hàng调货'!E:E,'Điều hàng调货'!A:A,K19,'Điều hàng调货'!H:H,B19)+SUMIFS('Điều hàng调货'!F:F,'Điều hàng调货'!A:A,K19,'Điều hàng调货'!G:G,B19)*-1+SUMIFS('Điều hàng调货'!F:F,'Điều hàng调货'!A:A,K19,'Điều hàng调货'!H:H,B19) -> 0 | J19: =F19-G19-H19+I19 -> 3 | K19: =VLOOKUP($D19,SKU!$A:$I,3,FALSE) -> 10051 | L19: =VLOOKUP($D19,SKU!$A:$I,2,FALSE) -> 南卡《魔卡少女樱》
B20: Thùy 阿锤 | C20: Xuân Nhi 春妮 | D20: Hoa rơi chỉ vì quân | E20: =SUMIFS(Xuất出库!D:D,Xuất出库!G:G,B20,Xuất出库!C:C,D20) -> 42 | F20: =SUMIFS(Xuất出库!E:E,Xuất出库!G:G,B20,Xuất出库!C:C,D20)+SUMIFS(Xuất出库!F:F,Xuất出库!G:G,B20,Xuất出库!C:C,D20) -> 583 | G20: =43+6+29+108+91+216+12 -> 505 | H20: =SUMIFS(Hoàn回库!E:E,Hoàn回库!G:G,B20,Hoàn回库!C:C,D20)+SUMIFS(Hoàn回库!F:F,Hoàn回库!G:G,B20,Hoàn回库!C:C,D20) -> 66 | I20: =SUMIFS('Điều hàng调货'!E:E,'Điều hàng调货'!A:A,K20,'Điều hàng调货'!G:G,B20)*-1+SUMIFS('Điều hàng调货'!E:E,'Điều hàng调货'!A:A,K20,'Điều hàng调货'!H:H,B20)+SUMIFS('Điều hàng调货'!F:F,'Điều hàng调货'!A:A,K20,'Điều hàng调货'!G:G,B20)*-1+SUMIFS('Điều hàng调货'!F:F,'Điều hàng调货'!A:A,K20,'Điều hàng调货'!H:H,B20) -> 0 | J20: =F20-G20-H20+I20 -> 12 | K20: =VLOOKUP($D20,SKU!$A:$I,3,FALSE) -> 10053 | L20: =VLOOKUP($D20,SKU!$A:$I,2,FALSE) -> 悦灵文创 《落花只为君》第三弹
B21: Thùy 阿锤 | C21: Xuân Nhi 春妮 | D21: Moon Card Sailor Moon | E21: =SUMIFS(Xuất出库!D:D,Xuất出库!G:G,B21,Xuất出库!C:C,D21) -> 20 | F21: =SUMIFS(Xuất出库!E:E,Xuất出库!G:G,B21,Xuất出库!C:C,D21)+SUMIFS(Xuất出库!F:F,Xuất出库!G:G,B21,Xuất出库!C:C,D21) -> 260 | G21: =42+90 -> 132 | H21: =SUMIFS(Hoàn回库!E:E,Hoàn回库!G:G,B21,Hoàn回库!C:C,D21)+SUMIFS(Hoàn回库!F:F,Hoàn回库!G:G,B21,Hoàn回库!C:C,D21) -> 0 | I21: =SUMIFS('Điều hàng调货'!E:E,'Điều hàng调货'!A:A,K21,'Điều hàng调货'!G:G,B21)*-1+SUMIFS('Điều hàng调货'!E:E,'Điều hàng调货'!A:A,K21,'Điều hàng调货'!H:H,B21)+SUMIFS('Điều hàng调货'!F:F,'Điều hàng调货'!A:A,K21,'Điều hàng调货'!G:G,B21)*-1+SUMIFS('Điều hàng调货'!F:F,'Điều hàng调货'!A:A,K21,'Điều hàng调货'!H:H,B21) -> -40 | J21: =F21-G21-H21+I21 -> 88 | K21: =VLOOKUP($D21,SKU!$A:$I,3,FALSE) -> 10002 | L21: =VLOOKUP($D21,SKU!$A:$I,2,FALSE) -> MoonCard月卡《美少女战士》第三弹
B22: Thùy 阿锤 | C22: Xuân Nhi 春妮 | D22: Kabao Sanrio Hello Kitty Mộng cảnh tuần lễ | E22: =SUMIFS(Xuất出库!D:D,Xuất出库!G:G,B22,Xuất出库!C:C,D22) -> 31 | F22: =SUMIFS(Xuất出库!E:E,Xuất出库!G:G,B22,Xuất出库!C:C,D22)+SUMIFS(Xuất出库!F:F,Xuất出库!G:G,B22,Xuất出库!C:C,D22) -> 529 | G22: 499 | H22: =SUMIFS(Hoàn回库!E:E,Hoàn回库!G:G,B22,Hoàn回库!C:C,D22)+SUMIFS(Hoàn回库!F:F,Hoàn回库!G:G,B22,Hoàn回库!C:C,D22) -> 30 | I22: =SUMIFS('Điều hàng调货'!E:E,'Điều hàng调货'!A:A,K22,'Điều hàng调货'!G:G,B22)*-1+SUMIFS('Điều hàng调货'!E:E,'Điều hàng调货'!A:A,K22,'Điều hàng调货'!H:H,B22)+SUMIFS('Điều hàng调货'!F:F,'Điều hàng调货'!A:A,K22,'Điều hàng调货'!G:G,B22)*-1+SUMIFS('Điều hàng调货'!F:F,'Điều hàng调货'!A:A,K22,'Điều hàng调货'!H:H,B22) -> 0 | J22: =F22-G22-H22+I22 -> 0 | K22: =VLOOKUP($D22,SKU!$A:$I,3,FALSE) -> 10058 | L22: =VLOOKUP($D22,SKU!$A:$I,2,FALSE) -> 三丽鸥家族hello kitty梦境巡礼
B23: Thùy 阿锤 | C23: Xuân Nhi 春妮 | D23: Kabao Sanrio Gia tộc mùa đông ấm áp | E23: =SUMIFS(Xuất出库!D:D,Xuất出库!G:G,B23,Xuất出库!C:C,D23) -> 13 | F23: =SUMIFS(Xuất出库!E:E,Xuất出库!G:G,B23,Xuất出库!C:C,D23)+SUMIFS(Xuất出库!F:F,Xuất出库!G:G,B23,Xuất出库!C:C,D23) -> 130 | G23: 170 | H23: =SUMIFS(Hoàn回库!E:E,Hoàn回库!G:G,B23,Hoàn回库!C:C,D23)+SUMIFS(Hoàn回库!F:F,Hoàn回库!G:G,B23,Hoàn回库!C:C,D23) -> 0 | I23: =SUMIFS('Điều hàng调货'!E:E,'Điều hàng调货'!A:A,K23,'Điều hàng调货'!G:G,B23)*-1+SUMIFS('Điều hàng调货'!E:E,'Điều hàng调货'!A:A,K23,'Điều hàng调货'!H:H,B23)+SUMIFS('Điều hàng调货'!F:F,'Điều hàng调货'!A:A,K23,'Điều hàng调货'!G:G,B23)*-1+SUMIFS('Điều hàng调货'!F:F,'Điều hàng调货'!A:A,K23,'Điều hàng调货'!H:H,B23) -> 40 | J23: =F23-G23-H23+I23 -> 0 | K23: =VLOOKUP($D23,SKU!$A:$I,3,FALSE) -> 10057 | L23: =VLOOKUP($D23,SKU!$A:$I,2,FALSE) -> 三丽鸥家族暖冬
B24: Thùy 阿锤 | C24: Xuân Nhi 春妮 | D24: Card Fun Thiên quan tứ phúc bản hoạt hình | E24: =SUMIFS(Xuất出库!D:D,Xuất出库!G:G,B24,Xuất出库!C:C,D24) -> 32 | F24: =SUMIFS(Xuất出库!E:E,Xuất出库!G:G,B24,Xuất出库!C:C,D24)+SUMIFS(Xuất出库!F:F,Xuất出库!G:G,B24,Xuất出库!C:C,D24) -> 358 | G24: 318 | H24: =SUMIFS(Hoàn回库!E:E,Hoàn回库!G:G,B24,Hoàn回库!C:C,D24)+SUMIFS(Hoàn回库!F:F,Hoàn回库!G:G,B24,Hoàn回库!C:C,D24) -> 40 | I24: =SUMIFS('Điều hàng调货'!E:E,'Điều hàng调货'!A:A,K24,'Điều hàng调货'!G:G,B24)*-1+SUMIFS('Điều hàng调货'!E:E,'Điều hàng调货'!A:A,K24,'Điều hàng调货'!H:H,B24)+SUMIFS('Điều hàng调货'!F:F,'Điều hàng调货'!A:A,K24,'Điều hàng调货'!G:G,B24)*-1+SUMIFS('Điều hàng调货'!F:F,'Điều hàng调货'!A:A,K24,'Điều hàng调货'!H:H,B24) -> 0 | J24: =F24-G24-H24+I24 -> 0 | K24: =VLOOKUP($D24,SKU!$A:$I,3,FALSE) -> 10056 | L24: =VLOOKUP($D24,SKU!$A:$I,2,FALSE) -> 集卡社天官赐福动画周年纪念版
B25: Thùy 阿锤 | C25: Xuân Nhi 春妮 | D25: Butterbear vol 2 | E25: =SUMIFS(Xuất出库!D:D,Xuất出库!G:G,B25,Xuất出库!C:C,D25) -> 6 | F25: =SUMIFS(Xuất出库!E:E,Xuất出库!G:G,B25,Xuất出库!C:C,D25)+SUMIFS(Xuất出库!F:F,Xuất出库!G:G,B25,Xuất出库!C:C,D25) -> 96 | G25: 139 | H25: =SUMIFS(Hoàn回库!E:E,Hoàn回库!G:G,B25,Hoàn回库!C:C,D25)+SUMIFS(Hoàn回库!F:F,Hoàn回库!G:G,B25,Hoàn回库!C:C,D25) -> 0 | I25: =SUMIFS('Điều hàng调货'!E:E,'Điều hàng调货'!A:A,K25,'Điều hàng调货'!G:G,B25)*-1+SUMIFS('Điều hàng调货'!E:E,'Điều hàng调货'!A:A,K25,'Điều hàng调货'!H:H,B25)+SUMIFS('Điều hàng调货'!F:F,'Điều hàng调货'!A:A,K25,'Điều hàng调货'!G:G,B25)*-1+SUMIFS('Điều hàng调货'!F:F,'Điều hàng调货'!A:A,K25,'Điều hàng调货'!H:H,B25) -> 96 | J25: =F25-G25-H25+I25 -> 53 | K25: =VLOOKUP($D25,SKU!$A:$I,3,FALSE) -> 10042 | L25: =VLOOKUP($D25,SKU!$A:$I,2,FALSE) -> 黄油小熊系列收藏卡第二弹 小熊的观察日记
B26: Thùy 阿锤 | C26: Xuân Nhi 春妮 | D26: Floating Dream Đồng cảnh kỳ mộng | E26: =SUMIFS(Xuất出库!D:D,Xuất出库!G:G,B26,Xuất出库!C:C,D26) -> 62 | F26: =SUMIFS(Xuất出库!E:E,Xuất出库!G:G,B26,Xuất出库!C:C,D26)+SUMIFS(Xuất出库!F:F,Xuất出库!G:G,B26,Xuất出库!C:C,D26) -> 806 | G26: 917 | H26: =SUMIFS(Hoàn回库!E:E,Hoàn回库!G:G,B26,Hoàn回库!C:C,D26)+SUMIFS(Hoàn回库!F:F,Hoàn回库!G:G,B26,Hoàn回库!C:C,D26) -> 0 | I26: =SUMIFS('Điều hàng调货'!E:E,'Điều hàng调货'!A:A,K26,'Điều hàng调货'!G:G,B26)*-1+SUMIFS('Điều hàng调货'!E:E,'Điều hàng调货'!A:A,K26,'Điều hàng调货'!H:H,B26)+SUMIFS('Điều hàng调货'!F:F,'Điều hàng调货'!A:A,K26,'Điều hàng调货'!G:G,B26)*-1+SUMIFS('Điều hàng调货'!F:F,'Điều hàng调货'!A:A,K26,'Điều hàng调货'!H:H,B26) -> 111 | J26: =F26-G26-H26+I26 -> 0 | K26: =VLOOKUP($D26,SKU!$A:$I,3,FALSE) -> 10063 | L26: =VLOOKUP($D26,SKU!$A:$I,2,FALSE) -> 浮梦集 「童境绮梦」艺术家联名收藏卡牌
B27: Thùy 阿锤 | C27: Xuân Nhi 春妮 | D27: Tử Vi Sakura thẻ xé | E27: =SUMIFS(Xuất出库!D:D,Xuất出库!G:G,B27,Xuất出库!C:C,D27) -> 182 | F27: =SUMIFS(Xuất出库!E:E,Xuất出库!G:G,B27,Xuất出库!C:C,D27)+SUMIFS(Xuất出库!F:F,Xuất出库!G:G,B27,Xuất出库!C:C,D27) -> 546 | G27: 63 | H27: =SUMIFS(Hoàn回库!E:E,Hoàn回库!G:G,B27,Hoàn回库!C:C,D27)+SUMIFS(Hoàn回库!F:F,Hoàn回库!G:G,B27,Hoàn回库!C:C,D27) -> 0 | I27: =SUMIFS('Điều hàng调货'!E:E,'Điều hàng调货'!A:A,K27,'Điều hàng调货'!G:G,B27)*-1+SUMIFS('Điều hàng调货'!E:E,'Điều hàng调货'!A:A,K27,'Điều hàng调货'!H:H,B27)+SUMIFS('Điều hàng调货'!F:F,'Điều hàng调货'!A:A,K27,'Điều hàng调货'!G:G,B27)*-1+SUMIFS('Điều hàng调货'!F:F,'Điều hàng调货'!A:A,K27,'Điều hàng调货'!H:H,B27) -> 0 | J27: =F27-G27-H27+I27 -> 483 | K27: =VLOOKUP($D27,SKU!$A:$I,3,FALSE) -> 10092 | L27: =VLOOKUP($D27,SKU!$A:$I,2,FALSE) -> 紫薇文创×魔卡少女樱·撕撕乐
B28: Thùy 阿锤 | C28: Xuân Nhi 春妮 | D28: Đèn Gibli DIY | E28: =SUMIFS(Xuất出库!D:D,Xuất出库!G:G,B28,Xuất出库!C:C,D28) -> 6 | F28: =SUMIFS(Xuất出库!E:E,Xuất出库!G:G,B28,Xuất出库!C:C,D28)+SUMIFS(Xuất出库!F:F,Xuất出库!G:G,B28,Xuất出库!C:C,D28) -> 6 | G28: 1 | H28: =SUMIFS(Hoàn回库!E:E,Hoàn回库!G:G,B28,Hoàn回库!C:C,D28)+SUMIFS(Hoàn回库!F:F,Hoàn回库!G:G,B28,Hoàn回库!C:C,D28) -> 0 | I28: =SUMIFS('Điều hàng调货'!E:E,'Điều hàng调货'!A:A,K28,'Điều hàng调货'!G:G,B28)*-1+SUMIFS('Điều hàng调货'!E:E,'Điều hàng调货'!A:A,K28,'Điều hàng调货'!H:H,B28)+SUMIFS('Điều hàng调货'!F:F,'Điều hàng调货'!A:A,K28,'Điều hàng调货'!G:G,B28)*-1+SUMIFS('Điều hàng调货'!F:F,'Điều hàng调货'!A:A,K28,'Điều hàng调货'!H:H,B28) -> -3 | J28: =F28-G28-H28+I28 -> 2 | K28: =VLOOKUP($D28,SKU!$A:$I,3,FALSE) -> 10046 | L28: =VLOOKUP($D28,SKU!$A:$I,2,FALSE) -> 夜灯
B29: Thùy 阿锤 | C29: Xuân Nhi 春妮 | D29: Kaquduo chuyện cổ tích - Thiên dạ hội quyển | E29: =SUMIFS(Xuất出库!D:D,Xuất出库!G:G,B29,Xuất出库!C:C,D29) -> 36 | F29: =SUMIFS(Xuất出库!E:E,Xuất出库!G:G,B29,Xuất出库!C:C,D29)+SUMIFS(Xuất出库!F:F,Xuất出库!G:G,B29,Xuất出库!C:C,D29) -> 432 | G29: 432 | H29: =SUMIFS(Hoàn回库!E:E,Hoàn回库!G:G,B29,Hoàn回库!C:C,D29)+SUMIFS(Hoàn回库!F:F,Hoàn回库!G:G,B29,Hoàn回库!C:C,D29) -> 0 | I29: =SUMIFS('Điều hàng调货'!E:E,'Điều hàng调货'!A:A,K29,'Điều hàng调货'!G:G,B29)*-1+SUMIFS('Điều hàng调货'!E:E,'Điều hàng调货'!A:A,K29,'Điều hàng调货'!H:H,B29)+SUMIFS('Điều hàng调货'!F:F,'Điều hàng调货'!A:A,K29,'Điều hàng调货'!G:G,B29)*-1+SUMIFS('Điều hàng调货'!F:F,'Điều hàng调货'!A:A,K29,'Điều hàng调货'!H:H,B29) -> 0 | J29: =F29-G29-H29+I29 -> 0 | K29: =VLOOKUP($D29,SKU!$A:$I,3,FALSE) -> 10079 | L29: =VLOOKUP($D29,SKU!$A:$I,2,FALSE) -> 卡趣多《童话-千夜绘卷》艺术典藏卡牌
B30: Thùy 阿锤 | C30: Xuân Nhi 春妮 | D30: Card Fun Thiên quan tứ phúc Hoa đăng chiếu dạ | E30: =SUMIFS(Xuất出库!D:D,Xuất出库!G:G,B30,Xuất出库!C:C,D30) -> 20 | F30: =SUMIFS(Xuất出库!E:E,Xuất出库!G:G,B30,Xuất出库!C:C,D30)+SUMIFS(Xuất出库!F:F,Xuất出库!G:G,B30,Xuất出库!C:C,D30) -> 320 | G30: 245 | H30: =SUMIFS(Hoàn回库!E:E,Hoàn回库!G:G,B30,Hoàn回库!C:C,D30)+SUMIFS(Hoàn回库!F:F,Hoàn回库!G:G,B30,Hoàn回库!C:C,D30) -> 0 | I30: =SUMIFS('Điều hàng调货'!E:E,'Điều hàng调货'!A:A,K30,'Điều hàng调货'!G:G,B30)*-1+SUMIFS('Điều hàng调货'!E:E,'Điều hàng调货'!A:A,K30,'Điều hàng调货'!H:H,B30)+SUMIFS('Điều hàng调货'!F:F,'Điều hàng调货'!A:A,K30,'Điều hàng调货'!G:G,B30)*-1+SUMIFS('Điều hàng调货'!F:F,'Điều hàng调货'!A:A,K30,'Điều hàng调货'!H:H,B30) -> 0 | J30: =F30-G30-H30+I30 -> 75 | K30: =VLOOKUP($D30,SKU!$A:$I,3,FALSE) -> 10083 | L30: =VLOOKUP($D30,SKU!$A:$I,2,FALSE) -> 天官赐福花灯照夜
B31: Thùy 阿锤 | C31: Xuân Nhi 春妮 | D31: Vancard Sanrio | E31: =SUMIFS(Xuất出库!D:D,Xuất出库!G:G,B31,Xuất出库!C:C,D31) -> 24 | F31: =SUMIFS(Xuất出库!E:E,Xuất出库!G:G,B31,Xuất出库!C:C,D31)+SUMIFS(Xuất出库!F:F,Xuất出库!G:G,B31,Xuất出库!C:C,D31) -> 240 | G31: 100 | H31: =SUMIFS(Hoàn回库!E:E,Hoàn回库!G:G,B31,Hoàn回库!C:C,D31)+SUMIFS(Hoàn回库!F:F,Hoàn回库!G:G,B31,Hoàn回库!C:C,D31) -> 80 | I31: =SUMIFS('Điều hàng调货'!E:E,'Điều hàng调货'!A:A,K31,'Điều hàng调货'!G:G,B31)*-1+SUMIFS('Điều hàng调货'!E:E,'Điều hàng调货'!A:A,K31,'Điều hàng调货'!H:H,B31)+SUMIFS('Điều hàng调货'!F:F,'Điều hàng调货'!A:A,K31,'Điều hàng调货'!G:G,B31)*-1+SUMIFS('Điều hàng调货'!F:F,'Điều hàng调货'!A:A,K31,'Điều hàng调货'!H:H,B31) -> 40 | J31: =F31-G31-H31+I31 -> 100 | K31: =VLOOKUP($D31,SKU!$A:$I,3,FALSE) -> 10009 | L31: =VLOOKUP($D31,SKU!$A:$I,2,FALSE) -> 万画云游三丽鸥家族百变cos收藏卡
B32: Thùy 阿锤 | C32: Xuân Nhi 春妮 | D32: Card Fun Lilo&Stitch Dân chơi bách biến | E32: =SUMIFS(Xuất出库!D:D,Xuất出库!G:G,B32,Xuất出库!C:C,D32) -> 48 | F32: =SUMIFS(Xuất出库!E:E,Xuất出库!G:G,B32,Xuất出库!C:C,D32)+SUMIFS(Xuất出库!F:F,Xuất出库!G:G,B32,Xuất出库!C:C,D32) -> 480 | G32: 448 | H32: =SUMIFS(Hoàn回库!E:E,Hoàn回库!G:G,B32,Hoàn回库!C:C,D32)+SUMIFS(Hoàn回库!F:F,Hoàn回库!G:G,B32,Hoàn回库!C:C,D32) -> 0 | I32: =SUMIFS('Điều hàng调货'!E:E,'Điều hàng调货'!A:A,K32,'Điều hàng调货'!G:G,B32)*-1+SUMIFS('Điều hàng调货'!E:E,'Điều hàng调货'!A:A,K32,'Điều hàng调货'!H:H,B32)+SUMIFS('Điều hàng调货'!F:F,'Điều hàng调货'!A:A,K32,'Điều hàng调货'!G:G,B32)*-1+SUMIFS('Điều hàng调货'!F:F,'Điều hàng调货'!A:A,K32,'Điều hàng调货'!H:H,B32) -> 0 | J32: =F32-G32-H32+I32 -> 32 | K32: =VLOOKUP($D32,SKU!$A:$I,3,FALSE) -> 10091 | L32: =VLOOKUP($D32,SKU!$A:$I,2,FALSE) -> 星际宝贝百变顽家收藏卡
B33: Thùy 阿锤 | C33: Xuân Nhi 春妮 | D33: WUPO Tranh nghệ thuật hội họa vol 1 | E33: =SUMIFS(Xuất出库!D:D,Xuất出库!G:G,B33,Xuất出库!C:C,D33) -> 20 | F33: =SUMIFS(Xuất出库!E:E,Xuất出库!G:G,B33,Xuất出库!C:C,D33)+SUMIFS(Xuất出库!F:F,Xuất出库!G:G,B33,Xuất出库!C:C,D33) -> 120 | G33: 120 | H33: =SUMIFS(Hoàn回库!E:E,Hoàn回库!G:G,B33,Hoàn回库!C:C,D33)+SUMIFS(Hoàn回库!F:F,Hoàn回库!G:G,B33,Hoàn回库!C:C,D33) -> 0 | I33: =SUMIFS('Điều hàng调货'!E:E,'Điều hàng调货'!A:A,K33,'Điều hàng调货'!G:G,B33)*-1+SUMIFS('Điều hàng调货'!E:E,'Điều hàng调货'!A:A,K33,'Điều hàng调货'!H:H,B33)+SUMIFS('Điều hàng调货'!F:F,'Điều hàng调货'!A:A,K33,'Điều hàng调货'!G:G,B33)*-1+SUMIFS('Điều hàng调货'!F:F,'Điều hàng调货'!A:A,K33,'Điều hàng调货'!H:H,B33) -> 0 | J33: =F33-G33-H33+I33 -> 0 | K33: =VLOOKUP($D33,SKU!$A:$I,3,FALSE) -> 10095 | L33: =VLOOKUP($D33,SKU!$A:$I,2,FALSE) -> WUPO艺术家手绘系列色纸第一弹
... B38: Bội Anh 倍英 | C38: Xuân Nhi 春妮 | D38: DUO Kyn | E38: =SUMIFS(Xuất出库!D:D,Xuất出库!G:G,B38,Xuất出库!C:C,D38) -> 5 | F38: =SUMIFS(Xuất出库!E:E,Xuất出库!G:G,B38,Xuất出库!C:C,D38)+SUMIFS(Xuất出库!F:F,Xuất出库!G:G,B38,Xuất出库!C:C,D38) -> 65 | G38: 0 | H38: =SUMIFS(Hoàn回库!E:E,Hoàn回库!G:G,B38,Hoàn回库!C:C,D38)+SUMIFS(Hoàn回库!F:F,Hoàn回库!G:G,B38,Hoàn回库!C:C,D38) -> 92 | I38: =SUMIFS('Điều hàng调货'!E:E,'Điều hàng调货'!A:A,K38,'Điều hàng调货'!G:G,B38)*-1+SUMIFS('Điều hàng调货'!E:E,'Điều hàng调货'!A:A,K38,'Điều hàng调货'!H:H,B38)+SUMIFS('Điều hàng调货'!F:F,'Điều hàng调货'!A:A,K38,'Điều hàng调货'!G:G,B38)*-1+SUMIFS('Điều hàng调货'!F:F,'Điều hàng调货'!A:A,K38,'Điều hàng调货'!H:H,B38) -> 27 | J38: =F38-G38-H38+I38 -> 0 | K38: =VLOOKUP($D38,SKU!$A:$I,3,FALSE) -> 10003 | L38: =VLOOKUP($D38,SKU!$A:$I,2,FALSE) -> DUO米全新出品鬼灭之刃-柱合会议篇第二弹
B39: Bội Anh 倍英 | C39: Xuân Nhi 春妮 | D39: Trendy Toyka Genshin | E39: =SUMIFS(Xuất出库!D:D,Xuất出库!G:G,B39,Xuất出库!C:C,D39) -> 20 | F39: =SUMIFS(Xuất出库!E:E,Xuất出库!G:G,B39,Xuất出库!C:C,D39)+SUMIFS(Xuất出库!F:F,Xuất出库!G:G,B39,Xuất出库!C:C,D39) -> 289 | G39: =139+20+7+123 -> 289 | H39: =SUMIFS(Hoàn回库!E:E,Hoàn回库!G:G,B39,Hoàn回库!C:C,D39)+SUMIFS(Hoàn回库!F:F,Hoàn回库!G:G,B39,Hoàn回库!C:C,D39) -> 0 | I39: =SUMIFS('Điều hàng调货'!E:E,'Điều hàng调货'!A:A,K39,'Điều hàng调货'!G:G,B39)*-1+SUMIFS('Điều hàng调货'!E:E,'Điều hàng调货'!A:A,K39,'Điều hàng调货'!H:H,B39)+SUMIFS('Điều hàng调货'!F:F,'Điều hàng调货'!A:A,K39,'Điều hàng调货'!G:G,B39)*-1+SUMIFS('Điều hàng调货'!F:F,'Điều hàng调货'!A:A,K39,'Điều hàng调货'!H:H,B39) -> 0 | J39: =F39-G39-H39+I39 -> 0 | K39: =VLOOKUP($D39,SKU!$A:$I,3,FALSE) -> 10028 | L39: =VLOOKUP($D39,SKU!$A:$I,2,FALSE) -> 潮玩咔原神 尘世收藏卡
B40: Bội Anh 倍英 | C40: Xuân Nhi 春妮 | D40: Pokemon | E40: =SUMIFS(Xuất出库!D:D,Xuất出库!G:G,B40,Xuất出库!C:C,D40) -> 5 | F40: =SUMIFS(Xuất出库!E:E,Xuất出库!G:G,B40,Xuất出库!C:C,D40)+SUMIFS(Xuất出库!F:F,Xuất出库!G:G,B40,Xuất出库!C:C,D40) -> 5 | G40: 1 | H40: =SUMIFS(Hoàn回库!E:E,Hoàn回库!G:G,B40,Hoàn回库!C:C,D40)+SUMIFS(Hoàn回库!F:F,Hoàn回库!G:G,B40,Hoàn回库!C:C,D40) -> 3 | I40: =SUMIFS('Điều hàng调货'!E:E,'Điều hàng调货'!A:A,K40,'Điều hàng调货'!G:G,B40)*-1+SUMIFS('Điều hàng调货'!E:E,'Điều hàng调货'!A:A,K40,'Điều hàng调货'!H:H,B40)+SUMIFS('Điều hàng调货'!F:F,'Điều hàng调货'!A:A,K40,'Điều hàng调货'!G:G,B40)*-1+SUMIFS('Điều hàng调货'!F:F,'Điều hàng调货'!A:A,K40,'Điều hàng调货'!H:H,B40) -> -1 | J40: =F40-G40-H40+I40 -> 0 | K40: =VLOOKUP($D40,SKU!$A:$I,3,FALSE) -> 10001 | L40: =VLOOKUP($D40,SKU!$A:$I,2,FALSE) -> 《东株社》宝可梦水晶砖
B41: Bội Anh 倍英 | C41: Xuân Nhi 春妮 | D41: Source University Genshin thẻ CD | E41: =SUMIFS(Xuất出库!D:D,Xuất出库!G:G,B41,Xuất出库!C:C,D41) -> 55 | F41: =SUMIFS(Xuất出库!E:E,Xuất出库!G:G,B41,Xuất出库!C:C,D41)+SUMIFS(Xuất出库!F:F,Xuất出库!G:G,B41,Xuất出库!C:C,D41) -> 62 | G41: 61 | H41: =SUMIFS(Hoàn回库!E:E,Hoàn回库!G:G,B41,Hoàn回库!C:C,D41)+SUMIFS(Hoàn回库!F:F,Hoàn回库!G:G,B41,Hoàn回库!C:C,D41) -> 1 | I41: =SUMIFS('Điều hàng调货'!E:E,'Điều hàng调货'!A:A,K41,'Điều hàng调货'!G:G,B41)*-1+SUMIFS('Điều hàng调货'!E:E,'Điều hàng调货'!A:A,K41,'Điều hàng调货'!H:H,B41)+SUMIFS('Điều hàng调货'!F:F,'Điều hàng调货'!A:A,K41,'Điều hàng调货'!G:G,B41)*-1+SUMIFS('Điều hàng调货'!F:F,'Điều hàng调货'!A:A,K41,'Điều hàng调货'!H:H,B41) -> 0 | J41: =F41-G41-H41+I41 -> 0 | K41: =VLOOKUP($D41,SKU!$A:$I,3,FALSE) -> 10044 | L41: =VLOOKUP($D41,SKU!$A:$I,2,FALSE) -> 源宇宙原神.空月の歌·周边CD票根邮票组合套装
B42: Bội Anh 倍英 | C42: Xuân Nhi 春妮 | D42: Bearie Genshin Impact | E42: =SUMIFS(Xuất出库!D:D,Xuất出库!G:G,B42,Xuất出库!C:C,D42) -> 100 | F42: =SUMIFS(Xuất出库!E:E,Xuất出库!G:G,B42,Xuất出库!C:C,D42)+SUMIFS(Xuất出库!F:F,Xuất出库!G:G,B42,Xuất出库!C:C,D42) -> 100 | G42: 100 | H42: =SUMIFS(Hoàn回库!E:E,Hoàn回库!G:G,B42,Hoàn回库!C:C,D42)+SUMIFS(Hoàn回库!F:F,Hoàn回库!G:G,B42,Hoàn回库!C:C,D42) -> 0 | I42: =SUMIFS('Điều hàng调货'!E:E,'Điều hàng调货'!A:A,K42,'Điều hàng调货'!G:G,B42)*-1+SUMIFS('Điều hàng调货'!E:E,'Điều hàng调货'!A:A,K42,'Điều hàng调货'!H:H,B42)+SUMIFS('Điều hàng调货'!F:F,'Điều hàng调货'!A:A,K42,'Điều hàng调货'!G:G,B42)*-1+SUMIFS('Điều hàng调货'!F:F,'Điều hàng调货'!A:A,K42,'Điều hàng调货'!H:H,B42) -> 0 | J42: =F42-G42-H42+I42 -> 0 | K42: =VLOOKUP($D42,SKU!$A:$I,3,FALSE) -> 10041 | L42: =VLOOKUP($D42,SKU!$A:$I,2,FALSE) -> 小熊工坊「原神」A6色纸
B43: Bội Anh 倍英 | C43: Xuân Nhi 春妮 | D43: Tinh quang Genshin | E43: =SUMIFS(Xuất出库!D:D,Xuất出库!G:G,B43,Xuất出库!C:C,D43) -> 54 | F43: =SUMIFS(Xuất出库!E:E,Xuất出库!G:G,B43,Xuất出库!C:C,D43)+SUMIFS(Xuất出库!F:F,Xuất出库!G:G,B43,Xuất出库!C:C,D43) -> 64 | G43: 54 | H43: =SUMIFS(Hoàn回库!E:E,Hoàn回库!G:G,B43,Hoàn回库!C:C,D43)+SUMIFS(Hoàn回库!F:F,Hoàn回库!G:G,B43,Hoàn回库!C:C,D43) -> 10 | I43: =SUMIFS('Điều hàng调货'!E:E,'Điều hàng调货'!A:A,K43,'Điều hàng调货'!G:G,B43)*-1+SUMIFS('Điều hàng调货'!E:E,'Điều hàng调货'!A:A,K43,'Điều hàng调货'!H:H,B43)+SUMIFS('Điều hàng调货'!F:F,'Điều hàng调货'!A:A,K43,'Điều hàng调货'!G:G,B43)*-1+SUMIFS('Điều hàng调货'!F:F,'Điều hàng调货'!A:A,K43,'Điều hàng调货'!H:H,B43) -> 0 | J43: =F43-G43-H43+I43 -> 0 | K43: =VLOOKUP($D43,SKU!$A:$I,3,FALSE) -> 10023 | L43: =VLOOKUP($D43,SKU!$A:$I,2,FALSE) -> 风信文创尘世相逢之约星光来信原神邮票第一弹
B44: Bội Anh 倍英 | C44: Xuân Nhi 春妮 | D44: Kuka Maltese | E44: =SUMIFS(Xuất出库!D:D,Xuất出库!G:G,B44,Xuất出库!C:C,D44) -> 10 | F44: =SUMIFS(Xuất出库!E:E,Xuất出库!G:G,B44,Xuất出库!C:C,D44)+SUMIFS(Xuất出库!F:F,Xuất出库!G:G,B44,Xuất出库!C:C,D44) -> 110 | G44: 11 | H44: =SUMIFS(Hoàn回库!E:E,Hoàn回库!G:G,B44,Hoàn回库!C:C,D44)+SUMIFS(Hoàn回库!F:F,Hoàn回库!G:G,B44,Hoàn回库!C:C,D44) -> 30 | I44: =SUMIFS('Điều hàng调货'!E:E,'Điều hàng调货'!A:A,K44,'Điều hàng调货'!G:G,B44)*-1+SUMIFS('Điều hàng调货'!E:E,'Điều hàng调货'!A:A,K44,'Điều hàng调货'!H:H,B44)+SUMIFS('Điều hàng调货'!F:F,'Điều hàng调货'!A:A,K44,'Điều hàng调货'!G:G,B44)*-1+SUMIFS('Điều hàng调货'!F:F,'Điều hàng调货'!A:A,K44,'Điều hàng调货'!H:H,B44) -> 0 | J44: =F44-G44-H44+I44 -> 69 | K44: =VLOOKUP($D44,SKU!$A:$I,3,FALSE) -> 10040 | L44: =VLOOKUP($D44,SKU!$A:$I,2,FALSE) -> 酷卡文化-线条小狗3弹
B45: Bội Anh 倍英 | C45: Xuân Nhi 春妮 | D45: Madhouse Sakura phiếu tem | E45: =SUMIFS(Xuất出库!D:D,Xuất出库!G:G,B45,Xuất出库!C:C,D45) -> 90 | F45: =SUMIFS(Xuất出库!E:E,Xuất出库!G:G,B45,Xuất出库!C:C,D45)+SUMIFS(Xuất出库!F:F,Xuất出库!G:G,B45,Xuất出库!C:C,D45) -> 90 | G45: =42+23+2 -> 67 | H45: =SUMIFS(Hoàn回库!E:E,Hoàn回库!G:G,B45,Hoàn回库!C:C,D45)+SUMIFS(Hoàn回库!F:F,Hoàn回库!G:G,B45,Hoàn回库!C:C,D45) -> 5 | I45: =SUMIFS('Điều hàng调货'!E:E,'Điều hàng调货'!A:A,K45,'Điều hàng调货'!G:G,B45)*-1+SUMIFS('Điều hàng调货'!E:E,'Điều hàng调货'!A:A,K45,'Điều hàng调货'!H:H,B45)+SUMIFS('Điều hàng调货'!F:F,'Điều hàng调货'!A:A,K45,'Điều hàng调货'!G:G,B45)*-1+SUMIFS('Điều hàng调货'!F:F,'Điều hàng调货'!A:A,K45,'Điều hàng调货'!H:H,B45) -> 0 | J45: =F45-G45-H45+I45 -> 18 | K45: =VLOOKUP($D45,SKU!$A:$I,3,FALSE) -> 10037 | L45: =VLOOKUP($D45,SKU!$A:$I,2,FALSE) -> 磁吸邮票《咪咕咪咕&魔卡少女樱》
B46: Bội Anh 倍英 | C46: Xuân Nhi 春妮 | D46: Conan lập thể | E46: =SUMIFS(Xuất出库!D:D,Xuất出库!G:G,B46,Xuất出库!C:C,D46) -> 69 | F46: =SUMIFS(Xuất出库!E:E,Xuất出库!G:G,B46,Xuất出库!C:C,D46)+SUMIFS(Xuất出库!F:F,Xuất出库!G:G,B46,Xuất出库!C:C,D46) -> 69 | G46: 66 | H46: =SUMIFS(Hoàn回库!E:E,Hoàn回库!G:G,B46,Hoàn回库!C:C,D46)+SUMIFS(Hoàn回库!F:F,Hoàn回库!G:G,B46,Hoàn回库!C:C,D46) -> 0 | I46: =SUMIFS('Điều hàng调货'!E:E,'Điều hàng调货'!A:A,K46,'Điều hàng调货'!G:G,B46)*-1+SUMIFS('Điều hàng调货'!E:E,'Điều hàng调货'!A:A,K46,'Điều hàng调货'!H:H,B46)+SUMIFS('Điều hàng调货'!F:F,'Điều hàng调货'!A:A,K46,'Điều hàng调货'!G:G,B46)*-1+SUMIFS('Điều hàng调货'!F:F,'Điều hàng调货'!A:A,K46,'Điều hàng调货'!H:H,B46) -> 0 | J46: =F46-G46-H46+I46 -> 3 | K46: =VLOOKUP($D46,SKU!$A:$I,3,FALSE) -> 10045 | L46: =VLOOKUP($D46,SKU!$A:$I,2,FALSE) -> 名侦探柯南谜层交错
B47: Bội Anh 倍英 | C47: Xuân Nhi 春妮 | D47: Jujutsu vol 1 | E47: =SUMIFS(Xuất出库!D:D,Xuất出库!G:G,B47,Xuất出库!C:C,D47) -> 40 | F47: =SUMIFS(Xuất出库!E:E,Xuất出库!G:G,B47,Xuất出库!C:C,D47)+SUMIFS(Xuất出库!F:F,Xuất出库!G:G,B47,Xuất出库!C:C,D47) -> 55 | G47: =15+8+10+6+2+3+11 -> 55 | H47: =SUMIFS(Hoàn回库!E:E,Hoàn回库!G:G,B47,Hoàn回库!C:C,D47)+SUMIFS(Hoàn回库!F:F,Hoàn回库!G:G,B47,Hoàn回库!C:C,D47) -> 0 | I47: =SUMIFS('Điều hàng调货'!E:E,'Điều hàng调货'!A:A,K47,'Điều hàng调货'!G:G,B47)*-1+SUMIFS('Điều hàng调货'!E:E,'Điều hàng调货'!A:A,K47,'Điều hàng调货'!H:H,B47)+SUMIFS('Điều hàng调货'!F:F,'Điều hàng调货'!A:A,K47,'Điều hàng调货'!G:G,B47)*-1+SUMIFS('Điều hàng调货'!F:F,'Điều hàng调货'!A:A,K47,'Điều hàng调货'!H:H,B47) -> 0 | J47: =F47-G47-H47+I47 -> 0 | K47: =VLOOKUP($D47,SKU!$A:$I,3,FALSE) -> 10004 | L47: =VLOOKUP($D47,SKU!$A:$I,2,FALSE) -> 初见花海咒术回战第一弹
B48: Bội Anh 倍英 | C48: Xuân Nhi 春妮 | D48: KK card Shinkai Makoto vol 1 | E48: =SUMIFS(Xuất出库!D:D,Xuất出库!G:G,B48,Xuất出库!C:C,D48) -> 0 | F48: =SUMIFS(Xuất出库!E:E,Xuất出库!G:G,B48,Xuất出库!C:C,D48)+SUMIFS(Xuất出库!F:F,Xuất出库!G:G,B48,Xuất出库!C:C,D48) -> 41 | G48: 3 | H48: =SUMIFS(Hoàn回库!E:E,Hoàn回库!G:G,B48,Hoàn回库!C:C,D48)+SUMIFS(Hoàn回库!F:F,Hoàn回库!G:G,B48,Hoàn回库!C:C,D48) -> 0 | I48: =SUMIFS('Điều hàng调货'!E:E,'Điều hàng调货'!A:A,K48,'Điều hàng调货'!G:G,B48)*-1+SUMIFS('Điều hàng调货'!E:E,'Điều hàng调货'!A:A,K48,'Điều hàng调货'!H:H,B48)+SUMIFS('Điều hàng调货'!F:F,'Điều hàng调货'!A:A,K48,'Điều hàng调货'!G:G,B48)*-1+SUMIFS('Điều hàng调货'!F:F,'Điều hàng调货'!A:A,K48,'Điều hàng调货'!H:H,B48) -> 0 | J48: =F48-G48-H48+I48 -> 38 | K48: =VLOOKUP($D48,SKU!$A:$I,3,FALSE) -> 10035 | L48: =VLOOKUP($D48,SKU!$A:$I,2,FALSE) -> KK CARD × 新海诚系列第一弹
B49: Bội Anh 倍英 | C49: Xuân Nhi 春妮 | D49: Xưởng Teyvat Genshin Impact A6 | E49: =SUMIFS(Xuất出库!D:D,Xuất出库!G:G,B49,Xuất出库!C:C,D49) -> 164 | F49: =SUMIFS(Xuất出库!E:E,Xuất出库!G:G,B49,Xuất出库!C:C,D49)+SUMIFS(Xuất出库!F:F,Xuất出库!G:G,B49,Xuất出库!C:C,D49) -> 164 | G49: =63+67+14+4 -> 148 | H49: =SUMIFS(Hoàn回库!E:E,Hoàn回库!G:G,B49,Hoàn回库!C:C,D49)+SUMIFS(Hoàn回库!F:F,Hoàn回库!G:G,B49,Hoàn回库!C:C,D49) -> 16 | I49: =SUMIFS('Điều hàng调货'!E:E,'Điều hàng调货'!A:A,K49,'Điều hàng调货'!G:G,B49)*-1+SUMIFS('Điều hàng调货'!E:E,'Điều hàng调货'!A:A,K49,'Điều hàng调货'!H:H,B49)+SUMIFS('Điều hàng调货'!F:F,'Điều hàng调货'!A:A,K49,'Điều hàng调货'!G:G,B49)*-1+SUMIFS('Điều hàng调货'!F:F,'Điều hàng调货'!A:A,K49,'Điều hàng调货'!H:H,B49) -> 0 | J49: =F49-G49-H49+I49 -> 0 | K49: =VLOOKUP($D49,SKU!$A:$I,3,FALSE) -> 10047 | L49: =VLOOKUP($D49,SKU!$A:$I,2,FALSE) -> 提瓦特工坊·原神水晶色纸
B50: Bội Anh 倍英 | C50: Xuân Nhi 春妮 | D50: Sakura House | E50: =SUMIFS(Xuất出库!D:D,Xuất出库!G:G,B50,Xuất出库!C:C,D50) -> 6 | F50: =SUMIFS(Xuất出库!E:E,Xuất出库!G:G,B50,Xuất出库!C:C,D50)+SUMIFS(Xuất出库!F:F,Xuất出库!G:G,B50,Xuất出库!C:C,D50) -> 72 | G50: 6 | H50: =SUMIFS(Hoàn回库!E:E,Hoàn回库!G:G,B50,Hoàn回库!C:C,D50)+SUMIFS(Hoàn回库!F:F,Hoàn回库!G:G,B50,Hoàn回库!C:C,D50) -> 66 | I50: =SUMIFS('Điều hàng调货'!E:E,'Điều hàng调货'!A:A,K50,'Điều hàng调货'!G:G,B50)*-1+SUMIFS('Điều hàng调货'!E:E,'Điều hàng调货'!A:A,K50,'Điều hàng调货'!H:H,B50)+SUMIFS('Điều hàng调货'!F:F,'Điều hàng调货'!A:A,K50,'Điều hàng调货'!G:G,B50)*-1+SUMIFS('Điều hàng调货'!F:F,'Điều hàng调货'!A:A,K50,'Điều hàng调货'!H:H,B50) -> 0 | J50: =F50-G50-H50+I50 -> 0 | K50: =VLOOKUP($D50,SKU!$A:$I,3,FALSE) -> 10029 | L50: =VLOOKUP($D50,SKU!$A:$I,2,FALSE) -> 樱花屋魔卡少女樱
B51: Bội Anh 倍英 | C51: Xuân Nhi 春妮 | D51: Mộng cảnh Sailor Moon | E51: =SUMIFS(Xuất出库!D:D,Xuất出库!G:G,B51,Xuất出库!C:C,D51) -> 1 | F51: =SUMIFS(Xuất出库!E:E,Xuất出库!G:G,B51,Xuất出库!C:C,D51)+SUMIFS(Xuất出库!F:F,Xuất出库!G:G,B51,Xuất出库!C:C,D51) -> 27 | G51: 27 | H51: =SUMIFS(Hoàn回库!E:E,Hoàn回库!G:G,B51,Hoàn回库!C:C,D51)+SUMIFS(Hoàn回库!F:F,Hoàn回库!G:G,B51,Hoàn回库!C:C,D51) -> 0 | I51: =SUMIFS('Điều hàng调货'!E:E,'Điều hàng调货'!A:A,K51,'Điều hàng调货'!G:G,B51)*-1+SUMIFS('Điều hàng调货'!E:E,'Điều hàng调货'!A:A,K51,'Điều hàng调货'!H:H,B51)+SUMIFS('Điều hàng调货'!F:F,'Điều hàng调货'!A:A,K51,'Điều hàng调货'!G:G,B51)*-1+SUMIFS('Điều hàng调货'!F:F,'Điều hàng调货'!A:A,K51,'Điều hàng调货'!H:H,B51) -> 0 | J51: =F51-G51-H51+I51 -> 0 | K51: =VLOOKUP($D51,SKU!$A:$I,3,FALSE) -> 10017 | L51: =VLOOKUP($D51,SKU!$A:$I,2,FALSE) -> 梦境-美少女战士第一弹
B52: Bội Anh 倍英 | C52: Xuân Nhi 春妮 | D52: OP Phi Phàm | E52: =SUMIFS(Xuất出库!D:D,Xuất出库!G:G,B52,Xuất出库!C:C,D52) -> 24 | F52: =SUMIFS(Xuất出库!E:E,Xuất出库!G:G,B52,Xuất出库!C:C,D52)+SUMIFS(Xuất出库!F:F,Xuất出库!G:G,B52,Xuất出库!C:C,D52) -> 480 | G52: 400 | H52: =SUMIFS(Hoàn回库!E:E,Hoàn回库!G:G,B52,Hoàn回库!C:C,D52)+SUMIFS(Hoàn回库!F:F,Hoàn回库!G:G,B52,Hoàn回库!C:C,D52) -> 0 | I52: =SUMIFS('Điều hàng调货'!E:E,'Điều hàng调货'!A:A,K52,'Điều hàng调货'!G:G,B52)*-1+SUMIFS('Điều hàng调货'!E:E,'Điều hàng调货'!A:A,K52,'Điều hàng调货'!H:H,B52)+SUMIFS('Điều hàng调货'!F:F,'Điều hàng调货'!A:A,K52,'Điều hàng调货'!G:G,B52)*-1+SUMIFS('Điều hàng调货'!F:F,'Điều hàng调货'!A:A,K52,'Điều hàng调货'!H:H,B52) -> -40 | J52: =F52-G52-H52+I52 -> 40 | K52: =VLOOKUP($D52,SKU!$A:$I,3,FALSE) -> 10039 | L52: =VLOOKUP($D52,SKU!$A:$I,2,FALSE) -> 非凡航海王第五弹
B53: Bội Anh 倍英 | C53: Xuân Nhi 春妮 | D53: Conan đám cưới A5 vol 1 | E53: =SUMIFS(Xuất出库!D:D,Xuất出库!G:G,B53,Xuất出库!C:C,D53) -> 30 | F53: =SUMIFS(Xuất出库!E:E,Xuất出库!G:G,B53,Xuất出库!C:C,D53)+SUMIFS(Xuất出库!F:F,Xuất出库!G:G,B53,Xuất出库!C:C,D53) -> 30 | G53: =30 -> 30 | H53: =SUMIFS(Hoàn回库!E:E,Hoàn回库!G:G,B53,Hoàn回库!C:C,D53)+SUMIFS(Hoàn回库!F:F,Hoàn回库!G:G,B53,Hoàn回库!C:C,D53) -> 0 | I53: =SUMIFS('Điều hàng调货'!E:E,'Điều hàng调货'!A:A,K53,'Điều hàng调货'!G:G,B53)*-1+SUMIFS('Điều hàng调货'!E:E,'Điều hàng调货'!A:A,K53,'Điều hàng调货'!H:H,B53)+SUMIFS('Điều hàng调货'!F:F,'Điều hàng调货'!A:A,K53,'Điều hàng调货'!G:G,B53)*-1+SUMIFS('Điều hàng调货'!F:F,'Điều hàng调货'!A:A,K53,'Điều hàng调货'!H:H,B53) -> 0 | J53: =F53-G53-H53+I53 -> 0 | K53: =VLOOKUP($D53,SKU!$A:$I,3,FALSE) -> 10024 | L53: =VLOOKUP($D53,SKU!$A:$I,2,FALSE) -> 漫影工作室-柯南-A5 大卡第一弹
B54: Bội Anh 倍英 | C54: Xuân Nhi 春妮 | D54: Attack on Titan | E54: =SUMIFS(Xuất出库!D:D,Xuất出库!G:G,B54,Xuất出库!C:C,D54) -> 5 | F54: =SUMIFS(Xuất出库!E:E,Xuất出库!G:G,B54,Xuất出库!C:C,D54)+SUMIFS(Xuất出库!F:F,Xuất出库!G:G,B54,Xuất出库!C:C,D54) -> 150 | G54: =40 -> 40 | H54: =SUMIFS(Hoàn回库!E:E,Hoàn回库!G:G,B54,Hoàn回库!C:C,D54)+SUMIFS(Hoàn回库!F:F,Hoàn回库!G:G,B54,Hoàn回库!C:C,D54) -> 0 | I54: =SUMIFS('Điều hàng调货'!E:E,'Điều hàng调货'!A:A,K54,'Điều hàng调货'!G:G,B54)*-1+SUMIFS('Điều hàng调货'!E:E,'Điều hàng调货'!A:A,K54,'Điều hàng调货'!H:H,B54)+SUMIFS('Điều hàng调货'!F:F,'Điều hàng调货'!A:A,K54,'Điều hàng调货'!G:G,B54)*-1+SUMIFS('Điều hàng调货'!F:F,'Điều hàng调货'!A:A,K54,'Điều hàng调货'!H:H,B54) -> 0 | J54: =F54-G54-H54+I54 -> 110 | K54: =VLOOKUP($D54,SKU!$A:$I,3,FALSE) -> 10012 | L54: =VLOOKUP($D54,SKU!$A:$I,2,FALSE) -> 卡文化进击的巨人
B55: Bội Anh 倍英 | C55: Xuân Nhi 春妮 | D55: Scroll Painting Thanh gươm diệt quỷ | E55: =SUMIFS(Xuất出库!D:D,Xuất出库!G:G,B55,Xuất出库!C:C,D55) -> 12 | F55: =SUMIFS(Xuất出库!E:E,Xuất出库!G:G,B55,Xuất出库!C:C,D55)+SUMIFS(Xuất出库!F:F,Xuất出库!G:G,B55,Xuất出库!C:C,D55) -> 93 | G55: 93 | H55: =SUMIFS(Hoàn回库!E:E,Hoàn回库!G:G,B55,Hoàn回库!C:C,D55)+SUMIFS(Hoàn回库!F:F,Hoàn回库!G:G,B55,Hoàn回库!C:C,D55) -> 0 | I55: =SUMIFS('Điều hàng调货'!E:E,'Điều hàng调货'!A:A,K55,'Điều hàng调货'!G:G,B55)*-1+SUMIFS('Điều hàng调货'!E:E,'Điều hàng调货'!A:A,K55,'Điều hàng调货'!H:H,B55)+SUMIFS('Điều hàng调货'!F:F,'Điều hàng调货'!A:A,K55,'Điều hàng调货'!G:G,B55)*-1+SUMIFS('Điều hàng调货'!F:F,'Điều hàng调货'!A:A,K55,'Điều hàng调货'!H:H,B55) -> 0 | J55: =F55-G55-H55+I55 -> 0 | K55: =VLOOKUP($D55,SKU!$A:$I,3,FALSE) -> 10055 | L55: =VLOOKUP($D55,SKU!$A:$I,2,FALSE) -> 绘卷文创 - 梦境入画【鬼灭之刃系列收藏卡砖】
B56: Bội Anh 倍英 | C56: Xuân Nhi 春妮 | D56: Quàng Thượng | E56: =SUMIFS(Xuất出库!D:D,Xuất出库!G:G,B56,Xuất出库!C:C,D56) -> 11 | F56: =SUMIFS(Xuất出库!E:E,Xuất出库!G:G,B56,Xuất出库!C:C,D56)+SUMIFS(Xuất出库!F:F,Xuất出库!G:G,B56,Xuất出库!C:C,D56) -> 110 | G56: 34 | H56: =SUMIFS(Hoàn回库!E:E,Hoàn回库!G:G,B56,Hoàn回库!C:C,D56)+SUMIFS(Hoàn回库!F:F,Hoàn回库!G:G,B56,Hoàn回库!C:C,D56) -> 0 | I56: =SUMIFS('Điều hàng调货'!E:E,'Điều hàng调货'!A:A,K56,'Điều hàng调货'!G:G,B56)*-1+SUMIFS('Điều hàng调货'!E:E,'Điều hàng调货'!A:A,K56,'Điều hàng调货'!H:H,B56)+SUMIFS('Điều hàng调货'!F:F,'Điều hàng调货'!A:A,K56,'Điều hàng调货'!G:G,B56)*-1+SUMIFS('Điều hàng调货'!F:F,'Điều hàng调货'!A:A,K56,'Điều hàng调货'!H:H,B56) -> -76 | J56: =F56-G56-H56+I56 -> 0 | K56: =VLOOKUP($D56,SKU!$A:$I,3,FALSE) -> 10016 | L56: =VLOOKUP($D56,SKU!$A:$I,2,FALSE) -> 思梨普文创《hey!国王陛下》集换式艺术家典藏卡
B57: Bội Anh 倍英 | C57: Xuân Nhi 春妮 | D57: Kabao Sanrio Gia tộc mùa đông ấm áp | E57: =SUMIFS(Xuất出库!D:D,Xuất出库!G:G,B57,Xuất出库!C:C,D57) -> 5 | F57: =SUMIFS(Xuất出库!E:E,Xuất出库!G:G,B57,Xuất出库!C:C,D57)+SUMIFS(Xuất出库!F:F,Xuất出库!G:G,B57,Xuất出库!C:C,D57) -> 50 | G57: 25 | H57: =SUMIFS(Hoàn回库!E:E,Hoàn回库!G:G,B57,Hoàn回库!C:C,D57)+SUMIFS(Hoàn回库!F:F,Hoàn回库!G:G,B57,Hoàn回库!C:C,D57) -> 10 | I57: =SUMIFS('Điều hàng调货'!E:E,'Điều hàng调货'!A:A,K57,'Điều hàng调货'!G:G,B57)*-1+SUMIFS('Điều hàng调货'!E:E,'Điều hàng调货'!A:A,K57,'Điều hàng调货'!H:H,B57)+SUMIFS('Điều hàng调货'!F:F,'Điều hàng调货'!A:A,K57,'Điều hàng调货'!G:G,B57)*-1+SUMIFS('Điều hàng调货'!F:F,'Điều hàng调货'!A:A,K57,'Điều hàng调货'!H:H,B57) -> -15 | J57: =F57-G57-H57+I57 -> 0 | K57: =VLOOKUP($D57,SKU!$A:$I,3,FALSE) -> 10057 | L57: =VLOOKUP($D57,SKU!$A:$I,2,FALSE) -> 三丽鸥家族暖冬
B58: Bội Anh 倍英 | C58: Xuân Nhi 春妮 | D58: X work Sailor Moon | E58: =SUMIFS(Xuất出库!D:D,Xuất出库!G:G,B58,Xuất出库!C:C,D58) -> 21 | F58: =SUMIFS(Xuất出库!E:E,Xuất出库!G:G,B58,Xuất出库!C:C,D58)+SUMIFS(Xuất出库!F:F,Xuất出库!G:G,B58,Xuất出库!C:C,D58) -> 210 | G58: 169 | H58: =SUMIFS(Hoàn回库!E:E,Hoàn回库!G:G,B58,Hoàn回库!C:C,D58)+SUMIFS(Hoàn回库!F:F,Hoàn回库!G:G,B58,Hoàn回库!C:C,D58) -> 0 | I58: =SUMIFS('Điều hàng调货'!E:E,'Điều hàng调货'!A:A,K58,'Điều hàng调货'!G:G,B58)*-1+SUMIFS('Điều hàng调货'!E:E,'Điều hàng调货'!A:A,K58,'Điều hàng调货'!H:H,B58)+SUMIFS('Điều hàng调货'!F:F,'Điều hàng调货'!A:A,K58,'Điều hàng调货'!G:G,B58)*-1+SUMIFS('Điều hàng调货'!F:F,'Điều hàng调货'!A:A,K58,'Điều hàng调货'!H:H,B58) -> 70 | J58: =F58-G58-H58+I58 -> 111 | K58: =VLOOKUP($D58,SKU!$A:$I,3,FALSE) -> 10008 | L58: =VLOOKUP($D58,SKU!$A:$I,2,FALSE) -> XWork美少女战士-璀璨之梦
B59: Bội Anh 倍英 | C59: Xuân Nhi 春妮 | D59: Genshin Impact ver Đáp án của vận mệnh | E59: =SUMIFS(Xuất出库!D:D,Xuất出库!G:G,B59,Xuất出库!C:C,D59) -> 10 | F59: =SUMIFS(Xuất出库!E:E,Xuất出库!G:G,B59,Xuất出库!C:C,D59)+SUMIFS(Xuất出库!F:F,Xuất出库!G:G,B59,Xuất出库!C:C,D59) -> 120 | G59: 120 | H59: =SUMIFS(Hoàn回库!E:E,Hoàn回库!G:G,B59,Hoàn回库!C:C,D59)+SUMIFS(Hoàn回库!F:F,Hoàn回库!G:G,B59,Hoàn回库!C:C,D59) -> 0 | I59: =SUMIFS('Điều hàng调货'!E:E,'Điều hàng调货'!A:A,K59,'Điều hàng调货'!G:G,B59)*-1+SUMIFS('Điều hàng调货'!E:E,'Điều hàng调货'!A:A,K59,'Điều hàng调货'!H:H,B59)+SUMIFS('Điều hàng调货'!F:F,'Điều hàng调货'!A:A,K59,'Điều hàng调货'!G:G,B59)*-1+SUMIFS('Điều hàng调货'!F:F,'Điều hàng调货'!A:A,K59,'Điều hàng调货'!H:H,B59) -> 0 | J59: =F59-G59-H59+I59 -> 0 | K59: =VLOOKUP($D59,SKU!$A:$I,3,FALSE) -> 10065 | L59: =VLOOKUP($D59,SKU!$A:$I,2,FALSE) -> 【行星文创·上上签·命运答案】X全新原神系列上上签
B60: Bội Anh 倍英 | C60: Xuân Nhi 春妮 | D60: Honkai Star Rail A6 Tinh Trình Khởi Động | E60: =SUMIFS(Xuất出库!D:D,Xuất出库!G:G,B60,Xuất出库!C:C,D60) -> 90 | F60: =SUMIFS(Xuất出库!E:E,Xuất出库!G:G,B60,Xuất出库!C:C,D60)+SUMIFS(Xuất出库!F:F,Xuất出库!G:G,B60,Xuất出库!C:C,D60) -> 90 | G60: 72 | H60: =SUMIFS(Hoàn回库!E:E,Hoàn回库!G:G,B60,Hoàn回库!C:C,D60)+SUMIFS(Hoàn回库!F:F,Hoàn回库!G:G,B60,Hoàn回库!C:C,D60) -> 0 | I60: =SUMIFS('Điều hàng调货'!E:E,'Điều hàng调货'!A:A,K60,'Điều hàng调货'!G:G,B60)*-1+SUMIFS('Điều hàng调货'!E:E,'Điều hàng调货'!A:A,K60,'Điều hàng调货'!H:H,B60)+SUMIFS('Điều hàng调货'!F:F,'Điều hàng调货'!A:A,K60,'Điều hàng调货'!G:G,B60)*-1+SUMIFS('Điều hàng调货'!F:F,'Điều hàng调货'!A:A,K60,'Điều hàng调货'!H:H,B60) -> 0 | J60: =F60-G60-H60+I60 -> 18 | K60: =VLOOKUP($D60,SKU!$A:$I,3,FALSE) -> 10067 | L60: =VLOOKUP($D60,SKU!$A:$I,2,FALSE) -> 拓宇文创—崩铁·启航星程 A6 亚克力色纸
B61: Bội Anh 倍英 | C61: Xuân Nhi 春妮 | D61: Source Universe Honkai Star Rail A6 | E61: =SUMIFS(Xuất出库!D:D,Xuất出库!G:G,B61,Xuất出库!C:C,D61) -> 30 | F61: =SUMIFS(Xuất出库!E:E,Xuất出库!G:G,B61,Xuất出库!C:C,D61)+SUMIFS(Xuất出库!F:F,Xuất出库!G:G,B61,Xuất出库!C:C,D61) -> 180 | G61: 80 | H61: =SUMIFS(Hoàn回库!E:E,Hoàn回库!G:G,B61,Hoàn回库!C:C,D61)+SUMIFS(Hoàn回库!F:F,Hoàn回库!G:G,B61,Hoàn回库!C:C,D61) -> 0 | I61: =SUMIFS('Điều hàng调货'!E:E,'Điều hàng调货'!A:A,K61,'Điều hàng调货'!G:G,B61)*-1+SUMIFS('Điều hàng调货'!E:E,'Điều hàng调货'!A:A,K61,'Điều hàng调货'!H:H,B61)+SUMIFS('Điều hàng调货'!F:F,'Điều hàng调货'!A:A,K61,'Điều hàng调货'!G:G,B61)*-1+SUMIFS('Điều hàng调货'!F:F,'Điều hàng调货'!A:A,K61,'Điều hàng调货'!H:H,B61) -> -100 | J61: =F61-G61-H61+I61 -> 0 | K61: =VLOOKUP($D61,SKU!$A:$I,3,FALSE) -> 10064 | L61: =VLOOKUP($D61,SKU!$A:$I,2,FALSE) -> 源宇宙崩铁色纸
B62: Bội Anh 倍英 | C62: Xuân Nhi 春妮 | D62: Butterbear vol 2 | E62: =SUMIFS(Xuất出库!D:D,Xuất出库!G:G,B62,Xuất出库!C:C,D62) -> 5 | F62: =SUMIFS(Xuất出库!E:E,Xuất出库!G:G,B62,Xuất出库!C:C,D62)+SUMIFS(Xuất出库!F:F,Xuất出库!G:G,B62,Xuất出库!C:C,D62) -> 80 | G62: 61 | H62: =SUMIFS(Hoàn回库!E:E,Hoàn回库!G:G,B62,Hoàn回库!C:C,D62)+SUMIFS(Hoàn回库!F:F,Hoàn回库!G:G,B62,Hoàn回库!C:C,D62) -> 0 | I62: =SUMIFS('Điều hàng调货'!E:E,'Điều hàng调货'!A:A,K62,'Điều hàng调货'!G:G,B62)*-1+SUMIFS('Điều hàng调货'!E:E,'Điều hàng调货'!A:A,K62,'Điều hàng调货'!H:H,B62)+SUMIFS('Điều hàng调货'!F:F,'Điều hàng调货'!A:A,K62,'Điều hàng调货'!G:G,B62)*-1+SUMIFS('Điều hàng调货'!F:F,'Điều hàng调货'!A:A,K62,'Điều hàng调货'!H:H,B62) -> 48 | J62: =F62-G62-H62+I62 -> 67 | K62: =VLOOKUP($D62,SKU!$A:$I,3,FALSE) -> 10042 | L62: =VLOOKUP($D62,SKU!$A:$I,2,FALSE) -> 黄油小熊系列收藏卡第二弹 小熊的观察日记
B63: Bội Anh 倍英 | C63: Xuân Nhi 春妮 | D63: Genshin Impact World game | E63: =SUMIFS(Xuất出库!D:D,Xuất出库!G:G,B63,Xuất出库!C:C,D63) -> 100 | F63: =SUMIFS(Xuất出库!E:E,Xuất出库!G:G,B63,Xuất出库!C:C,D63)+SUMIFS(Xuất出库!F:F,Xuất出库!G:G,B63,Xuất出库!C:C,D63) -> 100 | G63: 149 | H63: =SUMIFS(Hoàn回库!E:E,Hoàn回库!G:G,B63,Hoàn回库!C:C,D63)+SUMIFS(Hoàn回库!F:F,Hoàn回库!G:G,B63,Hoàn回库!C:C,D63) -> 0 | I63: =SUMIFS('Điều hàng调货'!E:E,'Điều hàng调货'!A:A,K63,'Điều hàng调货'!G:G,B63)*-1+SUMIFS('Điều hàng调货'!E:E,'Điều hàng调货'!A:A,K63,'Điều hàng调货'!H:H,B63)+SUMIFS('Điều hàng调货'!F:F,'Điều hàng调货'!A:A,K63,'Điều hàng调货'!G:G,B63)*-1+SUMIFS('Điều hàng调货'!F:F,'Điều hàng调货'!A:A,K63,'Điều hàng调货'!H:H,B63) -> 49 | J63: =F63-G63-H63+I63 -> 0 | K63: =VLOOKUP($D63,SKU!$A:$I,3,FALSE) -> 10077 | L63: =VLOOKUP($D63,SKU!$A:$I,2,FALSE) -> 多多文创原神第二弹卡砖—神眸再现
B64: Bội Anh 倍英 | C64: Xuân Nhi 春妮 | D64: Genshin A6 Tiwayimeng (Viết tắt Tiwa) | E64: =SUMIFS(Xuất出库!D:D,Xuất出库!G:G,B64,Xuất出库!C:C,D64) -> 30 | F64: =SUMIFS(Xuất出库!E:E,Xuất出库!G:G,B64,Xuất出库!C:C,D64)+SUMIFS(Xuất出库!F:F,Xuất出库!G:G,B64,Xuất出库!C:C,D64) -> 179 | G64: 68 | H64: =SUMIFS(Hoàn回库!E:E,Hoàn回库!G:G,B64,Hoàn回库!C:C,D64)+SUMIFS(Hoàn回库!F:F,Hoàn回库!G:G,B64,Hoàn回库!C:C,D64) -> 0 | I64: =SUMIFS('Điều hàng调货'!E:E,'Điều hàng调货'!A:A,K64,'Điều hàng调货'!G:G,B64)*-1+SUMIFS('Điều hàng调货'!E:E,'Điều hàng调货'!A:A,K64,'Điều hàng调货'!H:H,B64)+SUMIFS('Điều hàng调货'!F:F,'Điều hàng调货'!A:A,K64,'Điều hàng调货'!G:G,B64)*-1+SUMIFS('Điều hàng调货'!F:F,'Điều hàng调货'!A:A,K64,'Điều hàng调货'!H:H,B64) -> 0 | J64: =F64-G64-H64+I64 -> 111 | K64: =VLOOKUP($D64,SKU!$A:$I,3,FALSE) -> 10082 | L64: =VLOOKUP($D64,SKU!$A:$I,2,FALSE) -> 吾羽文创-全亚克力正方形原神色纸
B65: Bội Anh 倍英 | C65: Xuân Nhi 春妮 | D65: Conan ver mã Morse phiếu tem | E65: =SUMIFS(Xuất出库!D:D,Xuất出库!G:G,B65,Xuất出库!C:C,D65) -> 80 | F65: =SUMIFS(Xuất出库!E:E,Xuất出库!G:G,B65,Xuất出库!C:C,D65)+SUMIFS(Xuất出库!F:F,Xuất出库!G:G,B65,Xuất出库!C:C,D65) -> 80 | G65: 42 | H65: =SUMIFS(Hoàn回库!E:E,Hoàn回库!G:G,B65,Hoàn回库!C:C,D65)+SUMIFS(Hoàn回库!F:F,Hoàn回库!G:G,B65,Hoàn回库!C:C,D65) -> 0 | I65: =SUMIFS('Điều hàng调货'!E:E,'Điều hàng调货'!A:A,K65,'Điều hàng调货'!G:G,B65)*-1+SUMIFS('Điều hàng调货'!E:E,'Điều hàng调货'!A:A,K65,'Điều hàng调货'!H:H,B65)+SUMIFS('Điều hàng调货'!F:F,'Điều hàng调货'!A:A,K65,'Điều hàng调货'!G:G,B65)*-1+SUMIFS('Điều hàng调货'!F:F,'Điều hàng调货'!A:A,K65,'Điều hàng调货'!H:H,B65) -> 0 | J65: =F65-G65-H65+I65 -> 38 | K65: =VLOOKUP($D65,SKU!$A:$I,3,FALSE) -> 10078 | L65: =VLOOKUP($D65,SKU!$A:$I,2,FALSE) -> 摩斯社×名侦探柯南-摩斯密码系列评级邮票
B66: Bội Anh 倍英 | C66: Xuân Nhi 春妮 | D66: Free Fire Mini Spark Follow pack | E66: =SUMIFS(Xuất出库!D:D,Xuất出库!G:G,B66,Xuất出库!C:C,D66) -> 1 | F66: =SUMIFS(Xuất出库!E:E,Xuất出库!G:G,B66,Xuất出库!C:C,D66)+SUMIFS(Xuất出库!F:F,Xuất出库!G:G,B66,Xuất出库!C:C,D66) -> 20 | G66: 5 | H66: =SUMIFS(Hoàn回库!E:E,Hoàn回库!G:G,B66,Hoàn回库!C:C,D66)+SUMIFS(Hoàn回库!F:F,Hoàn回库!G:G,B66,Hoàn回库!C:C,D66) -> 0 | I66: =SUMIFS('Điều hàng调货'!E:E,'Điều hàng调货'!A:A,K66,'Điều hàng调货'!G:G,B66)*-1+SUMIFS('Điều hàng调货'!E:E,'Điều hàng调货'!A:A,K66,'Điều hàng调货'!H:H,B66)+SUMIFS('Điều hàng调货'!F:F,'Điều hàng调货'!A:A,K66,'Điều hàng调货'!G:G,B66)*-1+SUMIFS('Điều hàng调货'!F:F,'Điều hàng调货'!A:A,K66,'Điều hàng调货'!H:H,B66) -> 0 | J66: =F66-G66-H66+I66 -> 15 | K66: =VLOOKUP($D66,SKU!$A:$I,3,FALSE) -> 10111 | L66: =VLOOKUP($D66,SKU!$A:$I,2,FALSE) -> 0
... B70: Bội Anh 倍英 | C70: Xuân Nhi 春妮 | D70: Kayou Conan vol 2 (bánh quy) | E70: =SUMIFS(Xuất出库!D:D,Xuất出库!G:G,B70,Xuất出库!C:C,D70) -> 0 | F70: =SUMIFS(Xuất出库!E:E,Xuất出库!G:G,B70,Xuất出库!C:C,D70)+SUMIFS(Xuất出库!F:F,Xuất出库!G:G,B70,Xuất出库!C:C,D70) -> 0 | G70: 31 | H70: =SUMIFS(Hoàn回库!E:E,Hoàn回库!G:G,B70,Hoàn回库!C:C,D70)+SUMIFS(Hoàn回库!F:F,Hoàn回库!G:G,B70,Hoàn回库!C:C,D70) -> 0 | I70: =SUMIFS('Điều hàng调货'!E:E,'Điều hàng调货'!A:A,K70,'Điều hàng调货'!G:G,B70)*-1+SUMIFS('Điều hàng调货'!E:E,'Điều hàng调货'!A:A,K70,'Điều hàng调货'!H:H,B70)+SUMIFS('Điều hàng调货'!F:F,'Điều hàng调货'!A:A,K70,'Điều hàng调货'!G:G,B70)*-1+SUMIFS('Điều hàng调货'!F:F,'Điều hàng调货'!A:A,K70,'Điều hàng调货'!H:H,B70) -> 72 | J70: =F70-G70-H70+I70 -> 41 | K70: =VLOOKUP($D70,SKU!$A:$I,3,FALSE) -> 10066 | L70: =VLOOKUP($D70,SKU!$A:$I,2,FALSE) -> 卡游柯南揭秘包第2弹
B71: Bội Anh 倍英 | C71: Xuân Nhi 春妮 | E71: =SUMIFS(Xuất出库!D:D,Xuất出库!G:G,B71,Xuất出库!C:C,D71) -> 0 | F71: =SUMIFS(Xuất出库!E:E,Xuất出库!G:G,B71,Xuất出库!C:C,D71)+SUMIFS(Xuất出库!F:F,Xuất出库!G:G,B71,Xuất出库!C:C,D71) -> 0 | H71: =SUMIFS(Hoàn回库!E:E,Hoàn回库!G:G,B71,Hoàn回库!C:C,D71)+SUMIFS(Hoàn回库!F:F,Hoàn回库!G:G,B71,Hoàn回库!C:C,D71) -> 0 | I71: =SUMIFS('Điều hàng调货'!E:E,'Điều hàng调货'!A:A,K71,'Điều hàng调货'!G:G,B71)*-1+SUMIFS('Điều hàng调货'!E:E,'Điều hàng调货'!A:A,K71,'Điều hàng调货'!H:H,B71)+SUMIFS('Điều hàng调货'!F:F,'Điều hàng调货'!A:A,K71,'Điều hàng调货'!G:G,B71)*-1+SUMIFS('Điều hàng调货'!F:F,'Điều hàng调货'!A:A,K71,'Điều hàng调货'!H:H,B71) -> 0 | J71: =F71-G71-H71+I71 -> 0 | K71: =VLOOKUP($D71,SKU!$A:$I,3,FALSE) -> #N/A | L71: =VLOOKUP($D71,SKU!$A:$I,2,FALSE) -> #N/A
B72: Bội Anh 倍英 | C72: Xuân Nhi 春妮 | E72: =SUMIFS(Xuất出库!D:D,Xuất出库!G:G,B72,Xuất出库!C:C,D72) -> 0 | F72: =SUMIFS(Xuất出库!E:E,Xuất出库!G:G,B72,Xuất出库!C:C,D72)+SUMIFS(Xuất出库!F:F,Xuất出库!G:G,B72,Xuất出库!C:C,D72) -> 0 | H72: =SUMIFS(Hoàn回库!E:E,Hoàn回库!G:G,B72,Hoàn回库!C:C,D72)+SUMIFS(Hoàn回库!F:F,Hoàn回库!G:G,B72,Hoàn回库!C:C,D72) -> 0 | I72: =SUMIFS('Điều hàng调货'!E:E,'Điều hàng调货'!A:A,K72,'Điều hàng调货'!G:G,B72)*-1+SUMIFS('Điều hàng调货'!E:E,'Điều hàng调货'!A:A,K72,'Điều hàng调货'!H:H,B72)+SUMIFS('Điều hàng调货'!F:F,'Điều hàng调货'!A:A,K72,'Điều hàng调货'!G:G,B72)*-1+SUMIFS('Điều hàng调货'!F:F,'Điều hàng调货'!A:A,K72,'Điều hàng调货'!H:H,B72) -> 0 | J72: =F72-G72-H72+I72 -> 0 | K72: =VLOOKUP($D72,SKU!$A:$I,3,FALSE) -> #N/A | L72: =VLOOKUP($D72,SKU!$A:$I,2,FALSE) -> #N/A
B73: Bội Anh 倍英 | C73: Xuân Nhi 春妮 | E73: =SUMIFS(Xuất出库!D:D,Xuất出库!G:G,B73,Xuất出库!C:C,D73) -> 0 | F73: =SUMIFS(Xuất出库!E:E,Xuất出库!G:G,B73,Xuất出库!C:C,D73)+SUMIFS(Xuất出库!F:F,Xuất出库!G:G,B73,Xuất出库!C:C,D73) -> 0 | H73: =SUMIFS(Hoàn回库!E:E,Hoàn回库!G:G,B73,Hoàn回库!C:C,D73)+SUMIFS(Hoàn回库!F:F,Hoàn回库!G:G,B73,Hoàn回库!C:C,D73) -> 0 | I73: =SUMIFS('Điều hàng调货'!E:E,'Điều hàng调货'!A:A,K73,'Điều hàng调货'!G:G,B73)*-1+SUMIFS('Điều hàng调货'!E:E,'Điều hàng调货'!A:A,K73,'Điều hàng调货'!H:H,B73)+SUMIFS('Điều hàng调货'!F:F,'Điều hàng调货'!A:A,K73,'Điều hàng调货'!G:G,B73)*-1+SUMIFS('Điều hàng调货'!F:F,'Điều hàng调货'!A:A,K73,'Điều hàng调货'!H:H,B73) -> 0 | J73: =F73-G73-H73+I73 -> 0 | K73: =VLOOKUP($D73,SKU!$A:$I,3,FALSE) -> #N/A | L73: =VLOOKUP($D73,SKU!$A:$I,2,FALSE) -> #N/A
B74: Thành Đạt 成达 | C74: Xuân Nhi 春妮 | D74: MH Gibli | E74: =SUMIFS(Xuất出库!D:D,Xuất出库!G:G,B74,Xuất出库!C:C,D74) -> 30 | F74: =SUMIFS(Xuất出库!E:E,Xuất出库!G:G,B74,Xuất出库!C:C,D74)+SUMIFS(Xuất出库!F:F,Xuất出库!G:G,B74,Xuất出库!C:C,D74) -> 360 | G74: =26+48+60+7+1+3+9+78+92 -> 324 | H74: =SUMIFS(Hoàn回库!E:E,Hoàn回库!G:G,B74,Hoàn回库!C:C,D74)+SUMIFS(Hoàn回库!F:F,Hoàn回库!G:G,B74,Hoàn回库!C:C,D74) -> 0 | I74: =SUMIFS('Điều hàng调货'!E:E,'Điều hàng调货'!A:A,K74,'Điều hàng调货'!G:G,B74)*-1+SUMIFS('Điều hàng调货'!E:E,'Điều hàng调货'!A:A,K74,'Điều hàng调货'!H:H,B74)+SUMIFS('Điều hàng调货'!F:F,'Điều hàng调货'!A:A,K74,'Điều hàng调货'!G:G,B74)*-1+SUMIFS('Điều hàng调货'!F:F,'Điều hàng调货'!A:A,K74,'Điều hàng调货'!H:H,B74) -> 0 | J74: =F74-G74-H74+I74 -> 36 | K74: =VLOOKUP($D74,SKU!$A:$I,3,FALSE) -> 10015 | L74: =VLOOKUP($D74,SKU!$A:$I,2,FALSE) -> 梦绘文创-宫崎骏第二弹
B75: Thành Đạt 成达 | C75: Xuân Nhi 春妮 | D75: Gibli Hoa | E75: =SUMIFS(Xuất出库!D:D,Xuất出库!G:G,B75,Xuất出库!C:C,D75) -> 42 | F75: =SUMIFS(Xuất出库!E:E,Xuất出库!G:G,B75,Xuất出库!C:C,D75)+SUMIFS(Xuất出库!F:F,Xuất出库!G:G,B75,Xuất出库!C:C,D75) -> 546 | G75: =8+62+37+49+24+55+14+15+20+13+65+15+3 -> 380 | H75: =SUMIFS(Hoàn回库!E:E,Hoàn回库!G:G,B75,Hoàn回库!C:C,D75)+SUMIFS(Hoàn回库!F:F,Hoàn回库!G:G,B75,Hoàn回库!C:C,D75) -> 146 | I75: =SUMIFS('Điều hàng调货'!E:E,'Điều hàng调货'!A:A,K75,'Điều hàng调货'!G:G,B75)*-1+SUMIFS('Điều hàng调货'!E:E,'Điều hàng调货'!A:A,K75,'Điều hàng调货'!H:H,B75)+SUMIFS('Điều hàng调货'!F:F,'Điều hàng调货'!A:A,K75,'Điều hàng调货'!G:G,B75)*-1+SUMIFS('Điều hàng调货'!F:F,'Điều hàng调货'!A:A,K75,'Điều hàng调货'!H:H,B75) -> 0 | J75: =F75-G75-H75+I75 -> 20 | K75: =VLOOKUP($D75,SKU!$A:$I,3,FALSE) -> 10011 | L75: =VLOOKUP($D75,SKU!$A:$I,2,FALSE) -> 灿卡文创宫崎骏第二弹《花涧物语》
B76: Thành Đạt 成达 | C76: Xuân Nhi 春妮 | D76: Mây và Hạ | E76: =SUMIFS(Xuất出库!D:D,Xuất出库!G:G,B76,Xuất出库!C:C,D76) -> 34 | F76: =SUMIFS(Xuất出库!E:E,Xuất出库!G:G,B76,Xuất出库!C:C,D76)+SUMIFS(Xuất出库!F:F,Xuất出库!G:G,B76,Xuất出库!C:C,D76) -> 596 | G76: =3+34+44+71+59+13+9+3+32+28+13+75+85 -> 469 | H76: =SUMIFS(Hoàn回库!E:E,Hoàn回库!G:G,B76,Hoàn回库!C:C,D76)+SUMIFS(Hoàn回库!F:F,Hoàn回库!G:G,B76,Hoàn回库!C:C,D76) -> 26 | I76: =SUMIFS('Điều hàng调货'!E:E,'Điều hàng调货'!A:A,K76,'Điều hàng调货'!G:G,B76)*-1+SUMIFS('Điều hàng调货'!E:E,'Điều hàng调货'!A:A,K76,'Điều hàng调货'!H:H,B76)+SUMIFS('Điều hàng调货'!F:F,'Điều hàng调货'!A:A,K76,'Điều hàng调货'!G:G,B76)*-1+SUMIFS('Điều hàng调货'!F:F,'Điều hàng调货'!A:A,K76,'Điều hàng调货'!H:H,B76) -> 0 | J76: =F76-G76-H76+I76 -> 101 | K76: =VLOOKUP($D76,SKU!$A:$I,3,FALSE) -> 10006 | L76: =VLOOKUP($D76,SKU!$A:$I,2,FALSE) -> 云映文化「云之境の夏」第二弹·宫崎骏珍藏卡牌
B77: Thành Đạt 成达 | C77: Xuân Nhi 春妮 | D77: Kawaii Gibli | E77: =SUMIFS(Xuất出库!D:D,Xuất出库!G:G,B77,Xuất出库!C:C,D77) -> 39 | F77: =SUMIFS(Xuất出库!E:E,Xuất出库!G:G,B77,Xuất出库!C:C,D77)+SUMIFS(Xuất出库!F:F,Xuất出库!G:G,B77,Xuất出库!C:C,D77) -> 603 | G77: 437 | H77: =SUMIFS(Hoàn回库!E:E,Hoàn回库!G:G,B77,Hoàn回库!C:C,D77)+SUMIFS(Hoàn回库!F:F,Hoàn回库!G:G,B77,Hoàn回库!C:C,D77) -> 166 | I77: =SUMIFS('Điều hàng调货'!E:E,'Điều hàng调货'!A:A,K77,'Điều hàng调货'!G:G,B77)*-1+SUMIFS('Điều hàng调货'!E:E,'Điều hàng调货'!A:A,K77,'Điều hàng调货'!H:H,B77)+SUMIFS('Điều hàng调货'!F:F,'Điều hàng调货'!A:A,K77,'Điều hàng调货'!G:G,B77)*-1+SUMIFS('Điều hàng调货'!F:F,'Điều hàng调货'!A:A,K77,'Điều hàng调货'!H:H,B77) -> 0 | J77: =F77-G77-H77+I77 -> 0 | K77: =VLOOKUP($D77,SKU!$A:$I,3,FALSE) -> 10007 | L77: =VLOOKUP($D77,SKU!$A:$I,2,FALSE) -> kawaii宫崎骏梦幻之国
B78: Thành Đạt 成达 | C78: Xuân Nhi 春妮 | D78: Pokemon | E78: =SUMIFS(Xuất出库!D:D,Xuất出库!G:G,B78,Xuất出库!C:C,D78) -> 0 | F78: =SUMIFS(Xuất出库!E:E,Xuất出库!G:G,B78,Xuất出库!C:C,D78)+SUMIFS(Xuất出库!F:F,Xuất出库!G:G,B78,Xuất出库!C:C,D78) -> 3 | G78: 3 | H78: =SUMIFS(Hoàn回库!E:E,Hoàn回库!G:G,B78,Hoàn回库!C:C,D78)+SUMIFS(Hoàn回库!F:F,Hoàn回库!G:G,B78,Hoàn回库!C:C,D78) -> 0 | I78: =SUMIFS('Điều hàng调货'!E:E,'Điều hàng调货'!A:A,K78,'Điều hàng调货'!G:G,B78)*-1+SUMIFS('Điều hàng调货'!E:E,'Điều hàng调货'!A:A,K78,'Điều hàng调货'!H:H,B78)+SUMIFS('Điều hàng调货'!F:F,'Điều hàng调货'!A:A,K78,'Điều hàng调货'!G:G,B78)*-1+SUMIFS('Điều hàng调货'!F:F,'Điều hàng调货'!A:A,K78,'Điều hàng调货'!H:H,B78) -> 0 | J78: =F78-G78-H78+I78 -> 0 | K78: =VLOOKUP($D78,SKU!$A:$I,3,FALSE) -> 10001 | L78: =VLOOKUP($D78,SKU!$A:$I,2,FALSE) -> 《东株社》宝可梦水晶砖
B79: Thành Đạt 成达 | C79: Xuân Nhi 春妮 | D79: Hải Minh LnD | E79: =SUMIFS(Xuất出库!D:D,Xuất出库!G:G,B79,Xuất出库!C:C,D79) -> 100 | F79: =SUMIFS(Xuất出库!E:E,Xuất出库!G:G,B79,Xuất出库!C:C,D79)+SUMIFS(Xuất出库!F:F,Xuất出库!G:G,B79,Xuất出库!C:C,D79) -> 100 | G79: =10+30 -> 40 | H79: =SUMIFS(Hoàn回库!E:E,Hoàn回库!G:G,B79,Hoàn回库!C:C,D79)+SUMIFS(Hoàn回库!F:F,Hoàn回库!G:G,B79,Hoàn回库!C:C,D79) -> 20 | I79: =SUMIFS('Điều hàng调货'!E:E,'Điều hàng调货'!A:A,K79,'Điều hàng调货'!G:G,B79)*-1+SUMIFS('Điều hàng调货'!E:E,'Điều hàng调货'!A:A,K79,'Điều hàng调货'!H:H,B79)+SUMIFS('Điều hàng调货'!F:F,'Điều hàng调货'!A:A,K79,'Điều hàng调货'!G:G,B79)*-1+SUMIFS('Điều hàng调货'!F:F,'Điều hàng调货'!A:A,K79,'Điều hàng调货'!H:H,B79) -> -10 | J79: =F79-G79-H79+I79 -> 30 | K79: =VLOOKUP($D79,SKU!$A:$I,3,FALSE) -> 10026 | L79: =VLOOKUP($D79,SKU!$A:$I,2,FALSE) -> 星恋文创·恋与深空《晦明交错之间》亚克力相框卡
B80: Thành Đạt 成达 | C80: Xuân Nhi 春妮 | D80: KK card Shinkai Makoto vol 1 | E80: =SUMIFS(Xuất出库!D:D,Xuất出库!G:G,B80,Xuất出库!C:C,D80) -> 26 | F80: =SUMIFS(Xuất出库!E:E,Xuất出库!G:G,B80,Xuất出库!C:C,D80)+SUMIFS(Xuất出库!F:F,Xuất出库!G:G,B80,Xuất出库!C:C,D80) -> 370 | G80: 254 | H80: =SUMIFS(Hoàn回库!E:E,Hoàn回库!G:G,B80,Hoàn回库!C:C,D80)+SUMIFS(Hoàn回库!F:F,Hoàn回库!G:G,B80,Hoàn回库!C:C,D80) -> 0 | I80: =SUMIFS('Điều hàng调货'!E:E,'Điều hàng调货'!A:A,K80,'Điều hàng调货'!G:G,B80)*-1+SUMIFS('Điều hàng调货'!E:E,'Điều hàng调货'!A:A,K80,'Điều hàng调货'!H:H,B80)+SUMIFS('Điều hàng调货'!F:F,'Điều hàng调货'!A:A,K80,'Điều hàng调货'!G:G,B80)*-1+SUMIFS('Điều hàng调货'!F:F,'Điều hàng调货'!A:A,K80,'Điều hàng调货'!H:H,B80) -> 0 | J80: =F80-G80-H80+I80 -> 116 | K80: =VLOOKUP($D80,SKU!$A:$I,3,FALSE) -> 10035 | L80: =VLOOKUP($D80,SKU!$A:$I,2,FALSE) -> KK CARD × 新海诚系列第一弹
B81: Thành Đạt 成达 | C81: Xuân Nhi 春妮 | D81: Tinh Mộng Gibli thẻ xé | E81: =SUMIFS(Xuất出库!D:D,Xuất出库!G:G,B81,Xuất出库!C:C,D81) -> 90 | F81: =SUMIFS(Xuất出库!E:E,Xuất出库!G:G,B81,Xuất出库!C:C,D81)+SUMIFS(Xuất出库!F:F,Xuất出库!G:G,B81,Xuất出库!C:C,D81) -> 270 | G81: 247 | H81: =SUMIFS(Hoàn回库!E:E,Hoàn回库!G:G,B81,Hoàn回库!C:C,D81)+SUMIFS(Hoàn回库!F:F,Hoàn回库!G:G,B81,Hoàn回库!C:C,D81) -> 1 | I81: =SUMIFS('Điều hàng调货'!E:E,'Điều hàng调货'!A:A,K81,'Điều hàng调货'!G:G,B81)*-1+SUMIFS('Điều hàng调货'!E:E,'Điều hàng调货'!A:A,K81,'Điều hàng调货'!H:H,B81)+SUMIFS('Điều hàng调货'!F:F,'Điều hàng调货'!A:A,K81,'Điều hàng调货'!G:G,B81)*-1+SUMIFS('Điều hàng调货'!F:F,'Điều hàng调货'!A:A,K81,'Điều hàng调货'!H:H,B81) -> 0 | J81: =F81-G81-H81+I81 -> 22 | K81: =VLOOKUP($D81,SKU!$A:$I,3,FALSE) -> 10014 | L81: =VLOOKUP($D81,SKU!$A:$I,2,FALSE) -> 星梦文创-Studio Ghibli宫崎骏撕撕乐系列
B82: Thành Đạt 成达 | C82: Xuân Nhi 春妮 | D82: Hải Minh LnD | E82: =SUMIFS(Xuất出库!D:D,Xuất出库!G:G,B82,Xuất出库!C:C,D82) -> 100 | F82: =SUMIFS(Xuất出库!E:E,Xuất出库!G:G,B82,Xuất出库!C:C,D82)+SUMIFS(Xuất出库!F:F,Xuất出库!G:G,B82,Xuất出库!C:C,D82) -> 100 | G82: =100-52 -> 48 | H82: =SUMIFS(Hoàn回库!E:E,Hoàn回库!G:G,B82,Hoàn回库!C:C,D82)+SUMIFS(Hoàn回库!F:F,Hoàn回库!G:G,B82,Hoàn回库!C:C,D82) -> 20 | I82: =SUMIFS('Điều hàng调货'!E:E,'Điều hàng调货'!A:A,K82,'Điều hàng调货'!G:G,B82)*-1+SUMIFS('Điều hàng调货'!E:E,'Điều hàng调货'!A:A,K82,'Điều hàng调货'!H:H,B82)+SUMIFS('Điều hàng调货'!F:F,'Điều hàng调货'!A:A,K82,'Điều hàng调货'!G:G,B82)*-1+SUMIFS('Điều hàng调货'!F:F,'Điều hàng调货'!A:A,K82,'Điều hàng调货'!H:H,B82) -> -10 | J82: =F82-G82-H82+I82 -> 22 | K82: =VLOOKUP($D82,SKU!$A:$I,3,FALSE) -> 10026 | L82: =VLOOKUP($D82,SKU!$A:$I,2,FALSE) -> 星恋文创·恋与深空《晦明交错之间》亚克力相框卡
B83: Thành Đạt 成达 | C83: Xuân Nhi 春妮 | D83: Melting point | E83: =SUMIFS(Xuất出库!D:D,Xuất出库!G:G,B83,Xuất出库!C:C,D83) -> 52 | F83: =SUMIFS(Xuất出库!E:E,Xuất出库!G:G,B83,Xuất出库!C:C,D83)+SUMIFS(Xuất出库!F:F,Xuất出库!G:G,B83,Xuất出库!C:C,D83) -> 156 | G83: 156 | H83: =SUMIFS(Hoàn回库!E:E,Hoàn回库!G:G,B83,Hoàn回库!C:C,D83)+SUMIFS(Hoàn回库!F:F,Hoàn回库!G:G,B83,Hoàn回库!C:C,D83) -> 0 | I83: =SUMIFS('Điều hàng调货'!E:E,'Điều hàng调货'!A:A,K83,'Điều hàng调货'!G:G,B83)*-1+SUMIFS('Điều hàng调货'!E:E,'Điều hàng调货'!A:A,K83,'Điều hàng调货'!H:H,B83)+SUMIFS('Điều hàng调货'!F:F,'Điều hàng调货'!A:A,K83,'Điều hàng调货'!G:G,B83)*-1+SUMIFS('Điều hàng调货'!F:F,'Điều hàng调货'!A:A,K83,'Điều hàng调货'!H:H,B83) -> 0 | J83: =F83-G83-H83+I83 -> 0 | K83: =VLOOKUP($D83,SKU!$A:$I,3,FALSE) -> 10049 | L83: =VLOOKUP($D83,SKU!$A:$I,2,FALSE) -> 野火文创《月下悸动》 韩漫耽美撕撕乐
B84: Thành Đạt 成达 | C84: Xuân Nhi 春妮 | D84: LnD thẻ xé Ngàn lần động tâm | E84: =SUMIFS(Xuất出库!D:D,Xuất出库!G:G,B84,Xuất出库!C:C,D84) -> 41 | F84: =SUMIFS(Xuất出库!E:E,Xuất出库!G:G,B84,Xuất出库!C:C,D84)+SUMIFS(Xuất出库!F:F,Xuất出库!G:G,B84,Xuất出库!C:C,D84) -> 41 | G84: 15 | H84: =SUMIFS(Hoàn回库!E:E,Hoàn回库!G:G,B84,Hoàn回库!C:C,D84)+SUMIFS(Hoàn回库!F:F,Hoàn回库!G:G,B84,Hoàn回库!C:C,D84) -> 0 | I84: =SUMIFS('Điều hàng调货'!E:E,'Điều hàng调货'!A:A,K84,'Điều hàng调货'!G:G,B84)*-1+SUMIFS('Điều hàng调货'!E:E,'Điều hàng调货'!A:A,K84,'Điều hàng调货'!H:H,B84)+SUMIFS('Điều hàng调货'!F:F,'Điều hàng调货'!A:A,K84,'Điều hàng调货'!G:G,B84)*-1+SUMIFS('Điều hàng调货'!F:F,'Điều hàng调货'!A:A,K84,'Điều hàng调货'!H:H,B84) -> 0 | J84: =F84-G84-H84+I84 -> 26 | K84: =VLOOKUP($D84,SKU!$A:$I,3,FALSE) -> 10033 | L84: =VLOOKUP($D84,SKU!$A:$I,2,FALSE) -> 慕光文创「一千次心动」系列撕撕乐
B85: Thành Đạt 成达 | C85: Xuân Nhi 春妮 | D85: Yanka LnD | E85: =SUMIFS(Xuất出库!D:D,Xuất出库!G:G,B85,Xuất出库!C:C,D85) -> 5 | F85: =SUMIFS(Xuất出库!E:E,Xuất出库!G:G,B85,Xuất出库!C:C,D85)+SUMIFS(Xuất出库!F:F,Xuất出库!G:G,B85,Xuất出库!C:C,D85) -> 30 | G85: =11 -> 11 | H85: =SUMIFS(Hoàn回库!E:E,Hoàn回库!G:G,B85,Hoàn回库!C:C,D85)+SUMIFS(Hoàn回库!F:F,Hoàn回库!G:G,B85,Hoàn回库!C:C,D85) -> 0 | I85: =SUMIFS('Điều hàng调货'!E:E,'Điều hàng调货'!A:A,K85,'Điều hàng调货'!G:G,B85)*-1+SUMIFS('Điều hàng调货'!E:E,'Điều hàng调货'!A:A,K85,'Điều hàng调货'!H:H,B85)+SUMIFS('Điều hàng调货'!F:F,'Điều hàng调货'!A:A,K85,'Điều hàng调货'!G:G,B85)*-1+SUMIFS('Điều hàng调货'!F:F,'Điều hàng调货'!A:A,K85,'Điều hàng调货'!H:H,B85) -> 0 | J85: =F85-G85-H85+I85 -> 19 | K85: =VLOOKUP($D85,SKU!$A:$I,3,FALSE) -> 10036 | L85: =VLOOKUP($D85,SKU!$A:$I,2,FALSE) -> 《研卡文创》第三弹收藏色纸
B86: Thành Đạt 成达 | C86: Xuân Nhi 春妮 | D86: Gibli Wind | E86: =SUMIFS(Xuất出库!D:D,Xuất出库!G:G,B86,Xuất出库!C:C,D86) -> 94 | F86: =SUMIFS(Xuất出库!E:E,Xuất出库!G:G,B86,Xuất出库!C:C,D86)+SUMIFS(Xuất出库!F:F,Xuất出库!G:G,B86,Xuất出库!C:C,D86) -> 94 | G86: =45+13+31 -> 89 | H86: =SUMIFS(Hoàn回库!E:E,Hoàn回库!G:G,B86,Hoàn回库!C:C,D86)+SUMIFS(Hoàn回库!F:F,Hoàn回库!G:G,B86,Hoàn回库!C:C,D86) -> 0 | I86: =SUMIFS('Điều hàng调货'!E:E,'Điều hàng调货'!A:A,K86,'Điều hàng调货'!G:G,B86)*-1+SUMIFS('Điều hàng调货'!E:E,'Điều hàng调货'!A:A,K86,'Điều hàng调货'!H:H,B86)+SUMIFS('Điều hàng调货'!F:F,'Điều hàng调货'!A:A,K86,'Điều hàng调货'!G:G,B86)*-1+SUMIFS('Điều hàng调货'!F:F,'Điều hàng调货'!A:A,K86,'Điều hàng调货'!H:H,B86) -> 0 | J86: =F86-G86-H86+I86 -> 5 | K86: =VLOOKUP($D86,SKU!$A:$I,3,FALSE) -> 10005 | L86: =VLOOKUP($D86,SKU!$A:$I,2,FALSE) -> 椿柚文创宫崎骏 被风吹散的秘密邮票第一弹
B87: Thành Đạt 成达 | C87: Xuân Nhi 春妮 | D87: Manga Forest Ghibli vol 3 | E87: =SUMIFS(Xuất出库!D:D,Xuất出库!G:G,B87,Xuất出库!C:C,D87) -> 21 | F87: =SUMIFS(Xuất出库!E:E,Xuất出库!G:G,B87,Xuất出库!C:C,D87)+SUMIFS(Xuất出库!F:F,Xuất出库!G:G,B87,Xuất出库!C:C,D87) -> 273 | G87: 176 | H87: =SUMIFS(Hoàn回库!E:E,Hoàn回库!G:G,B87,Hoàn回库!C:C,D87)+SUMIFS(Hoàn回库!F:F,Hoàn回库!G:G,B87,Hoàn回库!C:C,D87) -> 0 | I87: =SUMIFS('Điều hàng调货'!E:E,'Điều hàng调货'!A:A,K87,'Điều hàng调货'!G:G,B87)*-1+SUMIFS('Điều hàng调货'!E:E,'Điều hàng调货'!A:A,K87,'Điều hàng调货'!H:H,B87)+SUMIFS('Điều hàng调货'!F:F,'Điều hàng调货'!A:A,K87,'Điều hàng调货'!G:G,B87)*-1+SUMIFS('Điều hàng调货'!F:F,'Điều hàng调货'!A:A,K87,'Điều hàng调货'!H:H,B87) -> -13 | J87: =F87-G87-H87+I87 -> 84 | K87: =VLOOKUP($D87,SKU!$A:$I,3,FALSE) -> 10060 | L87: =VLOOKUP($D87,SKU!$A:$I,2,FALSE) -> 漫の森《宫崎骏第三弹·奇幻之旅》
B88: Thành Đạt 成达 | C88: Xuân Nhi 春妮 | D88: Vancard Sanrio | E88: =SUMIFS(Xuất出库!D:D,Xuất出库!G:G,B88,Xuất出库!C:C,D88) -> 2 | F88: =SUMIFS(Xuất出库!E:E,Xuất出库!G:G,B88,Xuất出库!C:C,D88)+SUMIFS(Xuất出库!F:F,Xuất出库!G:G,B88,Xuất出库!C:C,D88) -> 20 | G88: 3 | H88: =SUMIFS(Hoàn回库!E:E,Hoàn回库!G:G,B88,Hoàn回库!C:C,D88)+SUMIFS(Hoàn回库!F:F,Hoàn回库!G:G,B88,Hoàn回库!C:C,D88) -> 0 | I88: =SUMIFS('Điều hàng调货'!E:E,'Điều hàng调货'!A:A,K88,'Điều hàng调货'!G:G,B88)*-1+SUMIFS('Điều hàng调货'!E:E,'Điều hàng调货'!A:A,K88,'Điều hàng调货'!H:H,B88)+SUMIFS('Điều hàng调货'!F:F,'Điều hàng调货'!A:A,K88,'Điều hàng调货'!G:G,B88)*-1+SUMIFS('Điều hàng调货'!F:F,'Điều hàng调货'!A:A,K88,'Điều hàng调货'!H:H,B88) -> 0 | J88: =F88-G88-H88+I88 -> 17 | K88: =VLOOKUP($D88,SKU!$A:$I,3,FALSE) -> 10009 | L88: =VLOOKUP($D88,SKU!$A:$I,2,FALSE) -> 万画云游三丽鸥家族百变cos收藏卡
B89: Thành Đạt 成达 | C89: Xuân Nhi 春妮 | D89: Kayou Conan vol 2 (bánh quy) | E89: =SUMIFS(Xuất出库!D:D,Xuất出库!G:G,B89,Xuất出库!C:C,D89) -> 5 | F89: =SUMIFS(Xuất出库!E:E,Xuất出库!G:G,B89,Xuất出库!C:C,D89)+SUMIFS(Xuất出库!F:F,Xuất出库!G:G,B89,Xuất出库!C:C,D89) -> 180 | G89: 43 | H89: =SUMIFS(Hoàn回库!E:E,Hoàn回库!G:G,B89,Hoàn回库!C:C,D89)+SUMIFS(Hoàn回库!F:F,Hoàn回库!G:G,B89,Hoàn回库!C:C,D89) -> 0 | I89: =SUMIFS('Điều hàng调货'!E:E,'Điều hàng调货'!A:A,K89,'Điều hàng调货'!G:G,B89)*-1+SUMIFS('Điều hàng调货'!E:E,'Điều hàng调货'!A:A,K89,'Điều hàng调货'!H:H,B89)+SUMIFS('Điều hàng调货'!F:F,'Điều hàng调货'!A:A,K89,'Điều hàng调货'!G:G,B89)*-1+SUMIFS('Điều hàng调货'!F:F,'Điều hàng调货'!A:A,K89,'Điều hàng调货'!H:H,B89) -> -137 | J89: =F89-G89-H89+I89 -> 0 | K89: =VLOOKUP($D89,SKU!$A:$I,3,FALSE) -> 10066 | L89: =VLOOKUP($D89,SKU!$A:$I,2,FALSE) -> 卡游柯南揭秘包第2弹
B90: Thành Đạt 成达 | C90: Xuân Nhi 春妮 | D90: OP Phi Phàm | E90: =SUMIFS(Xuất出库!D:D,Xuất出库!G:G,B90,Xuất出库!C:C,D90) -> 0 | F90: =SUMIFS(Xuất出库!E:E,Xuất出库!G:G,B90,Xuất出库!C:C,D90)+SUMIFS(Xuất出库!F:F,Xuất出库!G:G,B90,Xuất出库!C:C,D90) -> 125 | G90: 40 | H90: =SUMIFS(Hoàn回库!E:E,Hoàn回库!G:G,B90,Hoàn回库!C:C,D90)+SUMIFS(Hoàn回库!F:F,Hoàn回库!G:G,B90,Hoàn回库!C:C,D90) -> 0 | I90: =SUMIFS('Điều hàng调货'!E:E,'Điều hàng调货'!A:A,K90,'Điều hàng调货'!G:G,B90)*-1+SUMIFS('Điều hàng调货'!E:E,'Điều hàng调货'!A:A,K90,'Điều hàng调货'!H:H,B90)+SUMIFS('Điều hàng调货'!F:F,'Điều hàng调货'!A:A,K90,'Điều hàng调货'!G:G,B90)*-1+SUMIFS('Điều hàng调货'!F:F,'Điều hàng调货'!A:A,K90,'Điều hàng调货'!H:H,B90) -> -85 | J90: =F90-G90-H90+I90 -> 0 | K90: =VLOOKUP($D90,SKU!$A:$I,3,FALSE) -> 10039 | L90: =VLOOKUP($D90,SKU!$A:$I,2,FALSE) -> 非凡航海王第五弹
B91: Thành Đạt 成达 | C91: Xuân Nhi 春妮 | D91: Mô hình chim đồ chơi trang trí xe | E91: =SUMIFS(Xuất出库!D:D,Xuất出库!G:G,B91,Xuất出库!C:C,D91) -> 0 | F91: =SUMIFS(Xuất出库!E:E,Xuất出库!G:G,B91,Xuất出库!C:C,D91)+SUMIFS(Xuất出库!F:F,Xuất出库!G:G,B91,Xuất出库!C:C,D91) -> 0 | G91: 1 | H91: =SUMIFS(Hoàn回库!E:E,Hoàn回库!G:G,B91,Hoàn回库!C:C,D91)+SUMIFS(Hoàn回库!F:F,Hoàn回库!G:G,B91,Hoàn回库!C:C,D91) -> 0 | I91: =SUMIFS('Điều hàng调货'!E:E,'Điều hàng调货'!A:A,K91,'Điều hàng调货'!G:G,B91)*-1+SUMIFS('Điều hàng调货'!E:E,'Điều hàng调货'!A:A,K91,'Điều hàng调货'!H:H,B91)+SUMIFS('Điều hàng调货'!F:F,'Điều hàng调货'!A:A,K91,'Điều hàng调货'!G:G,B91)*-1+SUMIFS('Điều hàng调货'!F:F,'Điều hàng调货'!A:A,K91,'Điều hàng调货'!H:H,B91) -> 5 | J91: =F91-G91-H91+I91 -> 4 | K91: =VLOOKUP($D91,SKU!$A:$I,3,FALSE) -> 10072 | L91: =VLOOKUP($D91,SKU!$A:$I,2,FALSE) -> 伴飞小鸟
B92: Thành Đạt 成达 | C92: Xuân Nhi 春妮 | D92: Yimeng Ghibli chữa lành cả đời | E92: =SUMIFS(Xuất出库!D:D,Xuất出库!G:G,B92,Xuất出库!C:C,D92) -> 36 | F92: =SUMIFS(Xuất出库!E:E,Xuất出库!G:G,B92,Xuất出库!C:C,D92)+SUMIFS(Xuất出库!F:F,Xuất出库!G:G,B92,Xuất出库!C:C,D92) -> 468 | G92: 311 | H92: =SUMIFS(Hoàn回库!E:E,Hoàn回库!G:G,B92,Hoàn回库!C:C,D92)+SUMIFS(Hoàn回库!F:F,Hoàn回库!G:G,B92,Hoàn回库!C:C,D92) -> 0 | I92: =SUMIFS('Điều hàng调货'!E:E,'Điều hàng调货'!A:A,K92,'Điều hàng调货'!G:G,B92)*-1+SUMIFS('Điều hàng调货'!E:E,'Điều hàng调货'!A:A,K92,'Điều hàng调货'!H:H,B92)+SUMIFS('Điều hàng调货'!F:F,'Điều hàng调货'!A:A,K92,'Điều hàng调货'!G:G,B92)*-1+SUMIFS('Điều hàng调货'!F:F,'Điều hàng调货'!A:A,K92,'Điều hàng调货'!H:H,B92) -> 0 | J92: =F92-G92-H92+I92 -> 157 | K92: =VLOOKUP($D92,SKU!$A:$I,3,FALSE) -> 10090 | L92: =VLOOKUP($D92,SKU!$A:$I,2,FALSE) -> 依梦×宫崎骏の治愈一生
B93: Thành Đạt 成达 | C93: Xuân Nhi 春妮 | D93: Wanka Thanh gươm diệt quỷ ver Nhật luân | E93: =SUMIFS(Xuất出库!D:D,Xuất出库!G:G,B93,Xuất出库!C:C,D93) -> 5 | F93: =SUMIFS(Xuất出库!E:E,Xuất出库!G:G,B93,Xuất出库!C:C,D93)+SUMIFS(Xuất出库!F:F,Xuất出库!G:G,B93,Xuất出库!C:C,D93) -> 50 | H93: =SUMIFS(Hoàn回库!E:E,Hoàn回库!G:G,B93,Hoàn回库!C:C,D93)+SUMIFS(Hoàn回库!F:F,Hoàn回库!G:G,B93,Hoàn回库!C:C,D93) -> 0 | I93: =SUMIFS('Điều hàng调货'!E:E,'Điều hàng调货'!A:A,K93,'Điều hàng调货'!G:G,B93)*-1+SUMIFS('Điều hàng调货'!E:E,'Điều hàng调货'!A:A,K93,'Điều hàng调货'!H:H,B93)+SUMIFS('Điều hàng调货'!F:F,'Điều hàng调货'!A:A,K93,'Điều hàng调货'!G:G,B93)*-1+SUMIFS('Điều hàng调货'!F:F,'Điều hàng调货'!A:A,K93,'Điều hàng调货'!H:H,B93) -> -50 | J93: =F93-G93-H93+I93 -> 0 | K93: =VLOOKUP($D93,SKU!$A:$I,3,FALSE) -> 10075 | L93: =VLOOKUP($D93,SKU!$A:$I,2,FALSE) -> 《万卡卡文创》鬼灭之刃日轮破晓第一弹
B94: Thành Đạt 成达 | C94: Xuân Nhi 春妮 | D94: Vancard Sanrio | E94: =SUMIFS(Xuất出库!D:D,Xuất出库!G:G,B94,Xuất出库!C:C,D94) -> 2 | F94: =SUMIFS(Xuất出库!E:E,Xuất出库!G:G,B94,Xuất出库!C:C,D94)+SUMIFS(Xuất出库!F:F,Xuất出库!G:G,B94,Xuất出库!C:C,D94) -> 20 | H94: =SUMIFS(Hoàn回库!E:E,Hoàn回库!G:G,B94,Hoàn回库!C:C,D94)+SUMIFS(Hoàn回库!F:F,Hoàn回库!G:G,B94,Hoàn回库!C:C,D94) -> 0 | I94: =SUMIFS('Điều hàng调货'!E:E,'Điều hàng调货'!A:A,K94,'Điều hàng调货'!G:G,B94)*-1+SUMIFS('Điều hàng调货'!E:E,'Điều hàng调货'!A:A,K94,'Điều hàng调货'!H:H,B94)+SUMIFS('Điều hàng调货'!F:F,'Điều hàng调货'!A:A,K94,'Điều hàng调货'!G:G,B94)*-1+SUMIFS('Điều hàng调货'!F:F,'Điều hàng调货'!A:A,K94,'Điều hàng调货'!H:H,B94) -> 0 | J94: =F94-G94-H94+I94 -> 20 | K94: =VLOOKUP($D94,SKU!$A:$I,3,FALSE) -> 10009 | L94: =VLOOKUP($D94,SKU!$A:$I,2,FALSE) -> 万画云游三丽鸥家族百变cos收藏卡
B95: Thành Đạt 成达 | C95: Xuân Nhi 春妮 | D95: Pokemon | E95: =SUMIFS(Xuất出库!D:D,Xuất出库!G:G,B95,Xuất出库!C:C,D95) -> 0 | F95: =SUMIFS(Xuất出库!E:E,Xuất出库!G:G,B95,Xuất出库!C:C,D95)+SUMIFS(Xuất出库!F:F,Xuất出库!G:G,B95,Xuất出库!C:C,D95) -> 3 | H95: =SUMIFS(Hoàn回库!E:E,Hoàn回库!G:G,B95,Hoàn回库!C:C,D95)+SUMIFS(Hoàn回库!F:F,Hoàn回库!G:G,B95,Hoàn回库!C:C,D95) -> 0 | I95: =SUMIFS('Điều hàng调货'!E:E,'Điều hàng调货'!A:A,K95,'Điều hàng调货'!G:G,B95)*-1+SUMIFS('Điều hàng调货'!E:E,'Điều hàng调货'!A:A,K95,'Điều hàng调货'!H:H,B95)+SUMIFS('Điều hàng调货'!F:F,'Điều hàng调货'!A:A,K95,'Điều hàng调货'!G:G,B95)*-1+SUMIFS('Điều hàng调货'!F:F,'Điều hàng调货'!A:A,K95,'Điều hàng调货'!H:H,B95) -> 0 | J95: =F95-G95-H95+I95 -> 3 | K95: =VLOOKUP($D95,SKU!$A:$I,3,FALSE) -> 10001 | L95: =VLOOKUP($D95,SKU!$A:$I,2,FALSE) -> 《东株社》宝可梦水晶砖
B96: Thành Đạt 成达 | C96: Xuân Nhi 春妮 | D96: Tinh tú hội họa Shinkai Makoto | E96: =SUMIFS(Xuất出库!D:D,Xuất出库!G:G,B96,Xuất出库!C:C,D96) -> 15 | F96: =SUMIFS(Xuất出库!E:E,Xuất出库!G:G,B96,Xuất出库!C:C,D96)+SUMIFS(Xuất出库!F:F,Xuất出库!G:G,B96,Xuất出库!C:C,D96) -> 195 | G96: 92 | H96: =SUMIFS(Hoàn回库!E:E,Hoàn回库!G:G,B96,Hoàn回库!C:C,D96)+SUMIFS(Hoàn回库!F:F,Hoàn回库!G:G,B96,Hoàn回库!C:C,D96) -> 0 | I96: =SUMIFS('Điều hàng调货'!E:E,'Điều hàng调货'!A:A,K96,'Điều hàng调货'!G:G,B96)*-1+SUMIFS('Điều hàng调货'!E:E,'Điều hàng调货'!A:A,K96,'Điều hàng调货'!H:H,B96)+SUMIFS('Điều hàng调货'!F:F,'Điều hàng调货'!A:A,K96,'Điều hàng调货'!G:G,B96)*-1+SUMIFS('Điều hàng调货'!F:F,'Điều hàng调货'!A:A,K96,'Điều hàng调货'!H:H,B96) -> 0 | J96: =F96-G96-H96+I96 -> 103 | K96: =VLOOKUP($D96,SKU!$A:$I,3,FALSE) -> 10093 | L96: =VLOOKUP($D96,SKU!$A:$I,2,FALSE) -> 星绘社新海诚系列卡牌
B97: Thành Đạt 成达 | C97: Xuân Nhi 春妮 | D97: Free Fire Mini Spark Follow pack | E97: =SUMIFS(Xuất出库!D:D,Xuất出库!G:G,B97,Xuất出库!C:C,D97) -> 1 | F97: =SUMIFS(Xuất出库!E:E,Xuất出库!G:G,B97,Xuất出库!C:C,D97)+SUMIFS(Xuất出库!F:F,Xuất出库!G:G,B97,Xuất出库!C:C,D97) -> 20 | G97: 3 | H97: =SUMIFS(Hoàn回库!E:E,Hoàn回库!G:G,B97,Hoàn回库!C:C,D97)+SUMIFS(Hoàn回库!F:F,Hoàn回库!G:G,B97,Hoàn回库!C:C,D97) -> 0 | I97: =SUMIFS('Điều hàng调货'!E:E,'Điều hàng调货'!A:A,K97,'Điều hàng调货'!G:G,B97)*-1+SUMIFS('Điều hàng调货'!E:E,'Điều hàng调货'!A:A,K97,'Điều hàng调货'!H:H,B97)+SUMIFS('Điều hàng调货'!F:F,'Điều hàng调货'!A:A,K97,'Điều hàng调货'!G:G,B97)*-1+SUMIFS('Điều hàng调货'!F:F,'Điều hàng调货'!A:A,K97,'Điều hàng调货'!H:H,B97) -> 0 | J97: =F97-G97-H97+I97 -> 17 | K97: =VLOOKUP($D97,SKU!$A:$I,3,FALSE) -> 10111 | L97: =VLOOKUP($D97,SKU!$A:$I,2,FALSE) -> 0
B98: Thành Đạt 成达 | C98: Xuân Nhi 春妮 | D98: Vân Ảnh Ghibli Cuộn Tranh Thời Gian | E98: =SUMIFS(Xuất出库!D:D,Xuất出库!G:G,B98,Xuất出库!C:C,D98) -> 25 | F98: =SUMIFS(Xuất出库!E:E,Xuất出库!G:G,B98,Xuất出库!C:C,D98)+SUMIFS(Xuất出库!F:F,Xuất出库!G:G,B98,Xuất出库!C:C,D98) -> 325 | G98: 251 | H98: =SUMIFS(Hoàn回库!E:E,Hoàn回库!G:G,B98,Hoàn回库!C:C,D98)+SUMIFS(Hoàn回库!F:F,Hoàn回库!G:G,B98,Hoàn回库!C:C,D98) -> 0 | I98: =SUMIFS('Điều hàng调货'!E:E,'Điều hàng调货'!A:A,K98,'Điều hàng调货'!G:G,B98)*-1+SUMIFS('Điều hàng调货'!E:E,'Điều hàng调货'!A:A,K98,'Điều hàng调货'!H:H,B98)+SUMIFS('Điều hàng调货'!F:F,'Điều hàng调货'!A:A,K98,'Điều hàng调货'!G:G,B98)*-1+SUMIFS('Điều hàng调货'!F:F,'Điều hàng调货'!A:A,K98,'Điều hàng调货'!H:H,B98) -> 0 | J98: =F98-G98-H98+I98 -> 74 | K98: =VLOOKUP($D98,SKU!$A:$I,3,FALSE) -> 10106 | L98: =VLOOKUP($D98,SKU!$A:$I,2,FALSE) -> 云映文化时光绘卷·宫崎骏珍藏卡牌
B99: Thành Đạt 成达 | C99: Xuân Nhi 春妮 | E99: =SUMIFS(Xuất出库!D:D,Xuất出库!G:G,B99,Xuất出库!C:C,D99) -> 0 | F99: =SUMIFS(Xuất出库!E:E,Xuất出库!G:G,B99,Xuất出库!C:C,D99)+SUMIFS(Xuất出库!F:F,Xuất出库!G:G,B99,Xuất出库!C:C,D99) -> 0 | H99: =SUMIFS(Hoàn回库!E:E,Hoàn回库!G:G,B99,Hoàn回库!C:C,D99)+SUMIFS(Hoàn回库!F:F,Hoàn回库!G:G,B99,Hoàn回库!C:C,D99) -> 0 | I99: =SUMIFS('Điều hàng调货'!E:E,'Điều hàng调货'!A:A,K99,'Điều hàng调货'!G:G,B99)*-1+SUMIFS('Điều hàng调货'!E:E,'Điều hàng调货'!A:A,K99,'Điều hàng调货'!H:H,B99)+SUMIFS('Điều hàng调货'!F:F,'Điều hàng调货'!A:A,K99,'Điều hàng调货'!G:G,B99)*-1+SUMIFS('Điều hàng调货'!F:F,'Điều hàng调货'!A:A,K99,'Điều hàng调货'!H:H,B99) -> 0 | J99: =F99-G99-H99+I99 -> 0 | K99: =VLOOKUP($D99,SKU!$A:$I,3,FALSE) -> #N/A | L99: =VLOOKUP($D99,SKU!$A:$I,2,FALSE) -> #N/A
B100: Thành Đạt 成达 | C100: Xuân Nhi 春妮 | E100: =SUMIFS(Xuất出库!D:D,Xuất出库!G:G,B100,Xuất出库!C:C,D100) -> 0 | F100: =SUMIFS(Xuất出库!E:E,Xuất出库!G:G,B100,Xuất出库!C:C,D100)+SUMIFS(Xuất出库!F:F,Xuất出库!G:G,B100,Xuất出库!C:C,D100) -> 0 | H100: =SUMIFS(Hoàn回库!E:E,Hoàn回库!G:G,B100,Hoàn回库!C:C,D100)+SUMIFS(Hoàn回库!F:F,Hoàn回库!G:G,B100,Hoàn回库!C:C,D100) -> 0 | I100: =SUMIFS('Điều hàng调货'!E:E,'Điều hàng调货'!A:A,K100,'Điều hàng调货'!G:G,B100)*-1+SUMIFS('Điều hàng调货'!E:E,'Điều hàng调货'!A:A,K100,'Điều hàng调货'!H:H,B100)+SUMIFS('Điều hàng调货'!F:F,'Điều hàng调货'!A:A,K100,'Điều hàng调货'!G:G,B100)*-1+SUMIFS('Điều hàng调货'!F:F,'Điều hàng调货'!A:A,K100,'Điều hàng调货'!H:H,B100) -> 0 | J100: =F100-G100-H100+I100 -> 0 | K100: =VLOOKUP($D100,SKU!$A:$I,3,FALSE) -> #N/A | L100: =VLOOKUP($D100,SKU!$A:$I,2,FALSE) -> #N/A
B101: Thành Đạt 成达 | C101: Xuân Nhi 春妮 | E101: =SUMIFS(Xuất出库!D:D,Xuất出库!G:G,B101,Xuất出库!C:C,D101) -> 0 | F101: =SUMIFS(Xuất出库!E:E,Xuất出库!G:G,B101,Xuất出库!C:C,D101)+SUMIFS(Xuất出库!F:F,Xuất出库!G:G,B101,Xuất出库!C:C,D101) -> 0 | H101: =SUMIFS(Hoàn回库!E:E,Hoàn回库!G:G,B101,Hoàn回库!C:C,D101)+SUMIFS(Hoàn回库!F:F,Hoàn回库!G:G,B101,Hoàn回库!C:C,D101) -> 0 | I101: =SUMIFS('Điều hàng调货'!E:E,'Điều hàng调货'!A:A,K101,'Điều hàng调货'!G:G,B101)*-1+SUMIFS('Điều hàng调货'!E:E,'Điều hàng调货'!A:A,K101,'Điều hàng调货'!H:H,B101)+SUMIFS('Điều hàng调货'!F:F,'Điều hàng调货'!A:A,K101,'Điều hàng调货'!G:G,B101)*-1+SUMIFS('Điều hàng调货'!F:F,'Điều hàng调货'!A:A,K101,'Điều hàng调货'!H:H,B101) -> 0 | J101: =F101-G101-H101+I101 -> 0 | K101: =VLOOKUP($D101,SKU!$A:$I,3,FALSE) -> #N/A | L101: =VLOOKUP($D101,SKU!$A:$I,2,FALSE) -> #N/A
B102: Thành Đạt 成达 | C102: Xuân Nhi 春妮 | E102: =SUMIFS(Xuất出库!D:D,Xuất出库!G:G,B102,Xuất出库!C:C,D102) -> 0 | F102: =SUMIFS(Xuất出库!E:E,Xuất出库!G:G,B102,Xuất出库!C:C,D102)+SUMIFS(Xuất出库!F:F,Xuất出库!G:G,B102,Xuất出库!C:C,D102) -> 0 | H102: =SUMIFS(Hoàn回库!E:E,Hoàn回库!G:G,B102,Hoàn回库!C:C,D102)+SUMIFS(Hoàn回库!F:F,Hoàn回库!G:G,B102,Hoàn回库!C:C,D102) -> 0 | I102: =SUMIFS('Điều hàng调货'!E:E,'Điều hàng调货'!A:A,K102,'Điều hàng调货'!G:G,B102)*-1+SUMIFS('Điều hàng调货'!E:E,'Điều hàng调货'!A:A,K102,'Điều hàng调货'!H:H,B102)+SUMIFS('Điều hàng调货'!F:F,'Điều hàng调货'!A:A,K102,'Điều hàng调货'!G:G,B102)*-1+SUMIFS('Điều hàng调货'!F:F,'Điều hàng调货'!A:A,K102,'Điều hàng调货'!H:H,B102) -> 0 | J102: =F102-G102-H102+I102 -> 0 | K102: =VLOOKUP($D102,SKU!$A:$I,3,FALSE) -> #N/A | L102: =VLOOKUP($D102,SKU!$A:$I,2,FALSE) -> #N/A
B103: Thành Đạt 成达 | C103: Xuân Nhi 春妮 | E103: =SUMIFS(Xuất出库!D:D,Xuất出库!G:G,B103,Xuất出库!C:C,D103) -> 0 | F103: =SUMIFS(Xuất出库!E:E,Xuất出库!G:G,B103,Xuất出库!C:C,D103)+SUMIFS(Xuất出库!F:F,Xuất出库!G:G,B103,Xuất出库!C:C,D103) -> 0 | H103: =SUMIFS(Hoàn回库!E:E,Hoàn回库!G:G,B103,Hoàn回库!C:C,D103)+SUMIFS(Hoàn回库!F:F,Hoàn回库!G:G,B103,Hoàn回库!C:C,D103) -> 0 | I103: =SUMIFS('Điều hàng调货'!E:E,'Điều hàng调货'!A:A,K103,'Điều hàng调货'!G:G,B103)*-1+SUMIFS('Điều hàng调货'!E:E,'Điều hàng调货'!A:A,K103,'Điều hàng调货'!H:H,B103)+SUMIFS('Điều hàng调货'!F:F,'Điều hàng调货'!A:A,K103,'Điều hàng调货'!G:G,B103)*-1+SUMIFS('Điều hàng调货'!F:F,'Điều hàng调货'!A:A,K103,'Điều hàng调货'!H:H,B103) -> 0 | J103: =F103-G103-H103+I103 -> 0 | K103: =VLOOKUP($D103,SKU!$A:$I,3,FALSE) -> #N/A | L103: =VLOOKUP($D103,SKU!$A:$I,2,FALSE) -> #N/A
B104: Thành Đạt 成达 | C104: Xuân Nhi 春妮 | E104: =SUMIFS(Xuất出库!D:D,Xuất出库!G:G,B104,Xuất出库!C:C,D104) -> 0 | F104: =SUMIFS(Xuất出库!E:E,Xuất出库!G:G,B104,Xuất出库!C:C,D104)+SUMIFS(Xuất出库!F:F,Xuất出库!G:G,B104,Xuất出库!C:C,D104) -> 0 | H104: =SUMIFS(Hoàn回库!E:E,Hoàn回库!G:G,B104,Hoàn回库!C:C,D104)+SUMIFS(Hoàn回库!F:F,Hoàn回库!G:G,B104,Hoàn回库!C:C,D104) -> 0 | I104: =SUMIFS('Điều hàng调货'!E:E,'Điều hàng调货'!A:A,K104,'Điều hàng调货'!G:G,B104)*-1+SUMIFS('Điều hàng调货'!E:E,'Điều hàng调货'!A:A,K104,'Điều hàng调货'!H:H,B104)+SUMIFS('Điều hàng调货'!F:F,'Điều hàng调货'!A:A,K104,'Điều hàng调货'!G:G,B104)*-1+SUMIFS('Điều hàng调货'!F:F,'Điều hàng调货'!A:A,K104,'Điều hàng调货'!H:H,B104) -> 0 | J104: =F104-G104-H104+I104 -> 0 | K104: =VLOOKUP($D104,SKU!$A:$I,3,FALSE) -> #N/A | L104: =VLOOKUP($D104,SKU!$A:$I,2,FALSE) -> #N/A
B105: Thành Đạt 成达 | C105: Xuân Nhi 春妮 | E105: =SUMIFS(Xuất出库!D:D,Xuất出库!G:G,B105,Xuất出库!C:C,D105) -> 0 | F105: =SUMIFS(Xuất出库!E:E,Xuất出库!G:G,B105,Xuất出库!C:C,D105)+SUMIFS(Xuất出库!F:F,Xuất出库!G:G,B105,Xuất出库!C:C,D105) -> 0 | H105: =SUMIFS(Hoàn回库!E:E,Hoàn回库!G:G,B105,Hoàn回库!C:C,D105)+SUMIFS(Hoàn回库!F:F,Hoàn回库!G:G,B105,Hoàn回库!C:C,D105) -> 0 | I105: =SUMIFS('Điều hàng调货'!E:E,'Điều hàng调货'!A:A,K105,'Điều hàng调货'!G:G,B105)*-1+SUMIFS('Điều hàng调货'!E:E,'Điều hàng调货'!A:A,K105,'Điều hàng调货'!H:H,B105)+SUMIFS('Điều hàng调货'!F:F,'Điều hàng调货'!A:A,K105,'Điều hàng调货'!G:G,B105)*-1+SUMIFS('Điều hàng调货'!F:F,'Điều hàng调货'!A:A,K105,'Điều hàng调货'!H:H,B105) -> 0 | J105: =F105-G105-H105+I105 -> 0 | K105: =VLOOKUP($D105,SKU!$A:$I,3,FALSE) -> #N/A | L105: =VLOOKUP($D105,SKU!$A:$I,2,FALSE) -> #N/A
